name,loc,year,env,Yield.Mg.ha
A00188-3C,MI,2012,MI_2012,36.43
A00188-3C,MI,2012,MI_2012,42.5
A01143-3C,MI,2012,MI_2012,42.5
A01143-3C,MI,2012,MI_2012,57.69
A03440-2C,MI,2012,MI_2012,33.4
A07117-2C,MI,2012,MI_2012,45.54
AC00206-2W,MI,2012,MI_2012,36.43
AC00206-2W,MI,2012,MI_2012,39.47
AC01151-5W,MI,2012,MI_2012,27.32
AC01151-5W,MI,2012,MI_2012,36.43
AC03452-2W,MI,2012,MI_2012,42.5
AC03452-2W,MI,2012,MI_2012,60.72
AC05153-1W,MI,2012,MI_2012,30.36
AC05153-1W,MI,2012,MI_2012,30.36
Accumulator,MI,2012,MI_2012,51.61
Accumulator,MI,2012,MI_2012,54.65
AF4157-6,MI,2012,MI_2012,27.32
AF4157-6,MI,2012,MI_2012,33.4
AF4442-4,MI,2012,MI_2012,57.69
AF4552-5,MI,2012,MI_2012,42.5
AF4573-2,MI,2012,MI_2012,48.58
AF4640-1,MI,2012,MI_2012,42.5
AF4648-2,MI,2012,MI_2012,30.36
AF4648-2,MI,2012,MI_2012,39.47
AF4736-10,MI,2012,MI_2012,24.29
AF4740-1,MI,2012,MI_2012,42.5
AF4747-5,MI,2012,MI_2012,36.43
AF4971-3,MI,2012,MI_2012,45.54
AF4975-3,MI,2012,MI_2012,33.4
Atlantic,MI,2012,MI_2012,42.5
Atlantic,MI,2012,MI_2012,45.54
Atlantic,MI,2012,MI_2012,51.61
CO00270-7W,MI,2012,MI_2012,33.4
CO00270-7W,MI,2012,MI_2012,42.5
CO02024-9W,MI,2012,MI_2012,39.47
CO02024-9W,MI,2012,MI_2012,45.54
CO02033-1W,MI,2012,MI_2012,27.32
CO02033-1W,MI,2012,MI_2012,39.47
CO03243-3W,MI,2012,MI_2012,39.47
CO03243-3W,MI,2012,MI_2012,48.58
CO05061-2P,MI,2012,MI_2012,24.29
CO05061-2P,MI,2012,MI_2012,30.36
CO05061-6W,MI,2012,MI_2012,36.43
CO05061-6W,MI,2012,MI_2012,51.61
Manistee,MI,2012,MI_2012,30.36
Manistee,MI,2012,MI_2012,36.43
MegaChip,MI,2012,MI_2012,48.58
MegaChip,MI,2012,MI_2012,54.65
MSH228-6,MI,2012,MI_2012,15.18
MSH228-6,MI,2012,MI_2012,27.32
MSL007-B,MI,2012,MI_2012,36.43
MSL007-B,MI,2012,MI_2012,45.54
MSM246-B,MI,2012,MI_2012,24.29
MSM246-B,MI,2012,MI_2012,33.4
MSP239-1,MI,2012,MI_2012,33.4
MSP270-1,MI,2012,MI_2012,33.4
MSQ035-3,MI,2012,MI_2012,39.47
MSQ035-3,MI,2012,MI_2012,48.58
MSQ086-3,MI,2012,MI_2012,48.58
MSQ086-3,MI,2012,MI_2012,51.61
MSQ089-1,MI,2012,MI_2012,42.5
MSQ089-1,MI,2012,MI_2012,42.5
MSQ492-2,MI,2012,MI_2012,39.47
MSR036-5,MI,2012,MI_2012,21.25
MSR036-5,MI,2012,MI_2012,24.29
MSR058-1,MI,2012,MI_2012,21.25
MSR058-1,MI,2012,MI_2012,27.32
MSR127-2,MI,2012,MI_2012,39.47
MSR127-2,MI,2012,MI_2012,57.69
MSR128-4Y,MI,2012,MI_2012,21.25
MSR128-4Y,MI,2012,MI_2012,27.32
MSR148-4,MI,2012,MI_2012,24.29
MSR148-4,MI,2012,MI_2012,27.32
MSR157-1Y,MI,2012,MI_2012,33.4
MSR169-8Y,MI,2012,MI_2012,27.32
MSR169-8Y,MI,2012,MI_2012,30.36
MSS108-1,MI,2012,MI_2012,39.47
MSS165-2Y,MI,2012,MI_2012,33.4
MSS165-2Y,MI,2012,MI_2012,54.65
MSS206-2,MI,2012,MI_2012,33.4
MSS297-3,MI,2012,MI_2012,27.32
MSS297-3,MI,2012,MI_2012,39.47
MSS428-2,MI,2012,MI_2012,27.32
MST096-2Y,MI,2012,MI_2012,45.54
MST184-3,MI,2012,MI_2012,39.47
MST186-1Y,MI,2012,MI_2012,24.29
MST229-1,MI,2012,MI_2012,30.36
MST412-3,MI,2012,MI_2012,30.36
MSW163-3,MI,2012,MI_2012,21.25
MSW293-1,MI,2012,MI_2012,27.32
MSW450-1,MI,2012,MI_2012,42.5
NDA081453CAB-2C,MI,2012,MI_2012,51.61
NY148,MI,2012,MI_2012,39.47
NY148,MI,2012,MI_2012,54.65
NY152,MI,2012,MI_2012,33.4
NY152,MI,2012,MI_2012,51.61
NY153,MI,2012,MI_2012,21.25
NY153,MI,2012,MI_2012,39.47
NY154,MI,2012,MI_2012,42.5
NY154,MI,2012,MI_2012,48.58
NY156,MI,2012,MI_2012,48.58
NYJ112-2,MI,2012,MI_2012,45.54
NYJ15-7,MI,2012,MI_2012,54.65
NYJ2-29,MI,2012,MI_2012,36.43
Pike,MI,2012,MI_2012,42.5
Snowden,MI,2012,MI_2012,30.36
Snowden,MI,2012,MI_2012,45.54
Snowden,MI,2012,MI_2012,45.54
W6609-3,MI,2012,MI_2012,24.29
W6609-3,MI,2012,MI_2012,30.36
W8539-2Y,MI,2012,MI_2012,27.32
W8539-2Y,MI,2012,MI_2012,33.4
W8615-5,MI,2012,MI_2012,24.29
W8615-5,MI,2012,MI_2012,36.43
W8822-1,MI,2012,MI_2012,39.47
W8822-1,MI,2012,MI_2012,51.61
W8832-1Y,MI,2012,MI_2012,30.36
W8832-1Y,MI,2012,MI_2012,45.54
W8867-5,MI,2012,MI_2012,30.36
W8867-5,MI,2012,MI_2012,48.58
W8867-7,MI,2012,MI_2012,30.36
W8867-7,MI,2012,MI_2012,33.4
W9200-13,MI,2012,MI_2012,45.54
W9252-7,MI,2012,MI_2012,36.43
W9281-14,MI,2012,MI_2012,45.54
W9301-5,MI,2012,MI_2012,33.4
W9304-2,MI,2012,MI_2012,42.5
W9306-1,MI,2012,MI_2012,57.69
A00188-3C,MI,2013,MI_2013,45.54
A00188-3C,MI,2013,MI_2013,51.61
A01143-3C,MI,2013,MI_2013,88.05
A01143-3C,MI,2013,MI_2013,94.12
Accumulator,MI,2013,MI_2013,63.76
Accumulator,MI,2013,MI_2013,75.9
AF4157-6,MI,2013,MI_2013,42.5
AF4552-5,MI,2013,MI_2013,24.29
AF4552-5,MI,2013,MI_2013,33.4
AF4573-2,MI,2013,MI_2013,51.61
AF4573-2,MI,2013,MI_2013,57.69
AF4648-2,MI,2013,MI_2013,33.4
AF4648-2,MI,2013,MI_2013,36.43
AF4736-10,MI,2013,MI_2013,33.4
AF4740-1,MI,2013,MI_2013,33.4
AF4747-5,MI,2013,MI_2013,30.36
AF4971-3,MI,2013,MI_2013,42.5
AF4975-3,MI,2013,MI_2013,54.65
AF5038-1,MI,2013,MI_2013,24.29
AF5038-6,MI,2013,MI_2013,48.58
AF5040-8,MI,2013,MI_2013,51.61
AF5081-4,MI,2013,MI_2013,60.72
AF5138-2,MI,2013,MI_2013,39.47
AF5142-3,MI,2013,MI_2013,27.32
AF5152-2,MI,2013,MI_2013,36.43
AF5152-3,MI,2013,MI_2013,42.5
AF5320-1,MI,2013,MI_2013,42.5
Atlantic,MI,2013,MI_2013,45.54
Atlantic,MI,2013,MI_2013,54.65
B2842-1,MI,2013,MI_2013,42.5
B2869-15,MI,2013,MI_2013,36.43
B2869-20,MI,2013,MI_2013,42.5
B2869-29,MI,2013,MI_2013,48.58
B2883-11,MI,2013,MI_2013,45.54
B2895-8,MI,2013,MI_2013,45.54
B2904-2,MI,2013,MI_2013,54.65
B2936-2,MI,2013,MI_2013,36.43
B2947-4,MI,2013,MI_2013,39.47
B2947-8,MI,2013,MI_2013,48.58
B2950-2,MI,2013,MI_2013,51.61
B2950-3,MI,2013,MI_2013,42.5
B2960-4,MI,2013,MI_2013,63.76
BNC311-4,MI,2013,MI_2013,39.47
BNC313-3,MI,2013,MI_2013,30.36
BNC317-8,MI,2013,MI_2013,42.5
CO02024-9W,MI,2013,MI_2013,54.65
CO02024-9W,MI,2013,MI_2013,54.65
CO02033-1W,MI,2013,MI_2013,33.4
CO02033-1W,MI,2013,MI_2013,51.61
CO05061-2P,MI,2013,MI_2013,36.43
CO05061-2P,MI,2013,MI_2013,39.47
CO05061-6W,MI,2013,MI_2013,42.5
CO05061-6W,MI,2013,MI_2013,54.65
Hodag,MI,2013,MI_2013,54.65
Hodag,MI,2013,MI_2013,54.65
Manistee,MI,2013,MI_2013,45.54
Manistee,MI,2013,MI_2013,45.54
MSK061-4,MI,2013,MI_2013,60.72
MSL007-B,MI,2013,MI_2013,48.58
MSL007-B,MI,2013,MI_2013,57.69
MSM246-B,MI,2013,MI_2013,42.5
MSM246-B,MI,2013,MI_2013,48.58
MSN190-2,MI,2013,MI_2013,54.65
MSN190-2,MI,2013,MI_2013,54.65
MSQ086-3,MI,2013,MI_2013,66.79
MSQ086-3,MI,2013,MI_2013,72.87
MSQ089-1,MI,2013,MI_2013,63.76
MSQ089-1,MI,2013,MI_2013,69.83
MSR058-1,MI,2013,MI_2013,48.58
MSR058-1,MI,2013,MI_2013,48.58
MSR061-1,MI,2013,MI_2013,48.58
MSR061-1,MI,2013,MI_2013,48.58
MSR127-2,MI,2013,MI_2013,54.65
MSR127-2,MI,2013,MI_2013,60.72
MSR128-4Y,MI,2013,MI_2013,27.32
MSR128-4Y,MI,2013,MI_2013,36.43
MSR157-1Y,MI,2013,MI_2013,33.4
MSR157-1Y,MI,2013,MI_2013,42.5
MSR169-8Y,MI,2013,MI_2013,33.4
MSR169-8Y,MI,2013,MI_2013,33.4
MSS428-2,MI,2013,MI_2013,48.58
MSS428-2,MI,2013,MI_2013,57.69
MST096-2Y,MI,2013,MI_2013,30.36
MST096-2Y,MI,2013,MI_2013,30.36
MST154-3,MI,2013,MI_2013,36.43
MST184-3,MI,2013,MI_2013,33.4
MST184-3,MI,2013,MI_2013,39.47
MST186-1Y,MI,2013,MI_2013,57.69
MST186-1Y,MI,2013,MI_2013,57.69
MST191-2Y,MI,2013,MI_2013,69.83
MST229-1,MI,2013,MI_2013,36.43
MST412-3,MI,2013,MI_2013,45.54
MST412-3,MI,2013,MI_2013,66.79
MST441-1,MI,2013,MI_2013,33.4
MSU245-1,MI,2013,MI_2013,45.54
MSV030-4,MI,2013,MI_2013,57.69
MSV241-2,MI,2013,MI_2013,57.69
MSV358-3,MI,2013,MI_2013,51.61
MSV380-1,MI,2013,MI_2013,42.5
MSV394-3,MI,2013,MI_2013,33.4
MSV498-1,MI,2013,MI_2013,54.65
MSV505-2,MI,2013,MI_2013,42.5
MSW068-4,MI,2013,MI_2013,33.4
MSW075-1,MI,2013,MI_2013,51.61
MSW123-3,MI,2013,MI_2013,57.69
MSW252-2,MI,2013,MI_2013,36.43
MSW259-6,MI,2013,MI_2013,60.72
MSW293-1,MI,2013,MI_2013,54.65
MSW299-2,MI,2013,MI_2013,54.65
MSW326-6,MI,2013,MI_2013,36.43
MSW450-1,MI,2013,MI_2013,33.4
MSW474-1,MI,2013,MI_2013,54.65
MSW485-2,MI,2013,MI_2013,81.97
MSW500-4,MI,2013,MI_2013,33.4
MSW501-5,MI,2013,MI_2013,39.47
MSW509-5,MI,2013,MI_2013,69.83
NDA081453CAB-2C,MI,2013,MI_2013,51.61
NDTX060700C-1W,MI,2013,MI_2013,36.43
NDTX071109C-1W,MI,2013,MI_2013,36.43
NDTX091908AB-2W,MI,2013,MI_2013,42.5
NY152,MI,2013,MI_2013,51.61
NY152,MI,2013,MI_2013,54.65
NY153,MI,2013,MI_2013,39.47
NY153,MI,2013,MI_2013,42.5
NY156,MI,2013,MI_2013,36.43
NY156,MI,2013,MI_2013,39.47
NYJ112-2,MI,2013,MI_2013,36.43
NYJ112-2,MI,2013,MI_2013,39.47
NYJ2-29,MI,2013,MI_2013,30.36
NYJ2-29,MI,2013,MI_2013,33.4
NYWJ11-5,MI,2013,MI_2013,63.76
Snowden,MI,2013,MI_2013,42.5
Snowden,MI,2013,MI_2013,42.5
TX09396-1W,MI,2013,MI_2013,45.54
W6822-3,MI,2013,MI_2013,42.5
W6822-3,MI,2013,MI_2013,42.5
W8587-4,MI,2013,MI_2013,39.47
W8603-1,MI,2013,MI_2013,33.4
W8603-1,MI,2013,MI_2013,36.43
W8822-1,MI,2013,MI_2013,30.36
W8822-1,MI,2013,MI_2013,57.69
W8848-3,MI,2013,MI_2013,30.36
W8848-3,MI,2013,MI_2013,30.36
W8867-5,MI,2013,MI_2013,33.4
W8867-5,MI,2013,MI_2013,57.69
W8867-7,MI,2013,MI_2013,39.47
W8867-7,MI,2013,MI_2013,39.47
W9200-13,MI,2013,MI_2013,33.4
W9200-13,MI,2013,MI_2013,57.69
W9200-7,MI,2013,MI_2013,39.47
W9202-2,MI,2013,MI_2013,39.47
W9252-7,MI,2013,MI_2013,45.54
W9252-7,MI,2013,MI_2013,48.58
W9285-3Y,MI,2013,MI_2013,39.47
W9306-1,MI,2013,MI_2013,42.5
W9306-1,MI,2013,MI_2013,45.54
W9577-6Y,MI,2013,MI_2013,57.69
W9632-1,MI,2013,MI_2013,36.43
W9632-1,MI,2013,MI_2013,42.5
W9652-1,MI,2013,MI_2013,39.47
W9652-1,MI,2013,MI_2013,42.5
A00188-3C,MI,2014,MI_2014,45.54
A00188-3C,MI,2014,MI_2014,51.61
A01143-3C,MI,2014,MI_2014,63.76
A01143-3C,MI,2014,MI_2014,81.97
AF4442-4,MI,2014,MI_2014,42.5
AF4442-4,MI,2014,MI_2014,81.97
AF4552-5,MI,2014,MI_2014,33.4
AF4552-5,MI,2014,MI_2014,42.5
AF4648-2,MI,2014,MI_2014,30.36
AF4648-2,MI,2014,MI_2014,39.47
AF4971-3,MI,2014,MI_2014,45.54
AF4975-3,MI,2014,MI_2014,33.4
AF4975-3,MI,2014,MI_2014,36.43
AF5033-13,MI,2014,MI_2014,24.29
AF5039-11,MI,2014,MI_2014,6.07
AF5039-15,MI,2014,MI_2014,21.25
AF5040-8,MI,2014,MI_2014,30.36
AF5040-8,MI,2014,MI_2014,36.43
AF5044-21,MI,2014,MI_2014,54.65
AF5142-1,MI,2014,MI_2014,21.25
AF5152-2,MI,2014,MI_2014,12.14
AF5152-2,MI,2014,MI_2014,51.61
AF5152-3,MI,2014,MI_2014,33.4
AF5153-11,MI,2014,MI_2014,33.4
AF5280-2,MI,2014,MI_2014,30.36
AF5281-4,MI,2014,MI_2014,24.29
AF5292-4,MI,2014,MI_2014,51.61
AF5332-2,MI,2014,MI_2014,27.32
AF5386-4,MI,2014,MI_2014,33.4
AF5387-6,MI,2014,MI_2014,27.32
AF5392-8,MI,2014,MI_2014,30.36
AF5425-6,MI,2014,MI_2014,39.47
AF5426-3,MI,2014,MI_2014,33.4
AF5432-5,MI,2014,MI_2014,63.76
AF5445-4,MI,2014,MI_2014,36.43
AF5446-11,MI,2014,MI_2014,36.43
AF5447-10,MI,2014,MI_2014,18.22
AFW5039-1,MI,2014,MI_2014,69.83
Atlantic,MI,2014,MI_2014,21.25
Atlantic,MI,2014,MI_2014,24.29
Atlantic,MI,2014,MI_2014,33.4
Atlantic,MI,2014,MI_2014,54.65
B2827-12,MI,2014,MI_2014,24.29
B2842-1,MI,2014,MI_2014,24.29
B2842-1,MI,2014,MI_2014,51.61
B2869-20,MI,2014,MI_2014,24.29
B2869-20,MI,2014,MI_2014,27.32
B2869-29,MI,2014,MI_2014,33.4
B2869-29,MI,2014,MI_2014,39.47
B2883-11,MI,2014,MI_2014,24.29
B2890-11,MI,2014,MI_2014,18.22
B2895-8,MI,2014,MI_2014,33.4
B2895-8,MI,2014,MI_2014,69.83
B2904-2,MI,2014,MI_2014,39.47
B2904-2,MI,2014,MI_2014,42.5
B2908-3,MI,2014,MI_2014,45.54
B2936-2,MI,2014,MI_2014,39.47
B2936-2,MI,2014,MI_2014,42.5
B2947-4,MI,2014,MI_2014,27.32
B2947-4,MI,2014,MI_2014,33.4
B2947-8,MI,2014,MI_2014,42.5
B2950-2,MI,2014,MI_2014,33.4
B2950-2,MI,2014,MI_2014,39.47
B2950-3,MI,2014,MI_2014,21.25
B2950-3,MI,2014,MI_2014,27.32
B2960-4,MI,2014,MI_2014,39.47
B2960-4,MI,2014,MI_2014,45.54
B2971-2,MI,2014,MI_2014,30.36
B2981-3,MI,2014,MI_2014,33.4
B2981-5,MI,2014,MI_2014,30.36
B2993-6,MI,2014,MI_2014,24.29
B2996-1,MI,2014,MI_2014,24.29
B2999-6,MI,2014,MI_2014,21.25
B3000-1,MI,2014,MI_2014,18.22
B3002-1,MI,2014,MI_2014,42.5
B3003-1,MI,2014,MI_2014,21.25
B3003-10,MI,2014,MI_2014,18.22
B3005-7,MI,2014,MI_2014,33.4
B3005-9,MI,2014,MI_2014,51.61
B3012-3,MI,2014,MI_2014,18.22
B3012-7,MI,2014,MI_2014,21.25
B3015-1,MI,2014,MI_2014,24.29
BNC311-4,MI,2014,MI_2014,30.36
BNC311-4,MI,2014,MI_2014,57.69
BNC366-1,MI,2014,MI_2014,18.22
BNC371-2,MI,2014,MI_2014,72.87
CO07070-10W,MI,2014,MI_2014,15.18
CO07070-13W,MI,2014,MI_2014,21.25
Lamoka,MI,2014,MI_2014,30.36
Lamoka,MI,2014,MI_2014,36.43
Lamoka,MI,2014,MI_2014,45.54
Lamoka,MI,2014,MI_2014,54.65
MSM246-B,MI,2014,MI_2014,30.36
MSM246-B,MI,2014,MI_2014,33.4
MSQ089-1,MI,2014,MI_2014,36.43
MSQ089-1,MI,2014,MI_2014,45.54
MSR061-1,MI,2014,MI_2014,33.4
MSR061-1,MI,2014,MI_2014,36.43
MSR127-2,MI,2014,MI_2014,27.32
MSR127-2,MI,2014,MI_2014,45.54
MSS428-2,MI,2014,MI_2014,33.4
MSS428-2,MI,2014,MI_2014,48.58
MST184-3,MI,2014,MI_2014,36.43
MST184-3,MI,2014,MI_2014,39.47
MST186-1Y,MI,2014,MI_2014,33.4
MST191-2Y,MI,2014,MI_2014,54.65
MST191-2Y,MI,2014,MI_2014,69.83
MSU245-1,MI,2014,MI_2014,42.5
MSV030-4,MI,2014,MI_2014,30.36
MSV030-4,MI,2014,MI_2014,51.61
MSV093-1,MI,2014,MI_2014,69.83
MSV111-1,MI,2014,MI_2014,42.5
MSV241-2,MI,2014,MI_2014,45.54
MSV358-3,MI,2014,MI_2014,33.4
MSV358-3,MI,2014,MI_2014,36.43
MSV380-1,MI,2014,MI_2014,48.58
MSV394-3,MI,2014,MI_2014,21.25
MSV498-1,MI,2014,MI_2014,51.61
MSV498-1,MI,2014,MI_2014,51.61
MSV505-2,MI,2014,MI_2014,42.5
MSV507-007,MI,2014,MI_2014,36.43
MSV507-094,MI,2014,MI_2014,48.58
MSV507-100,MI,2014,MI_2014,39.47
MSV507-128,MI,2014,MI_2014,24.29
MSV507-143,MI,2014,MI_2014,42.5
MSV507-146,MI,2014,MI_2014,24.29
MSV507-198,MI,2014,MI_2014,45.54
MSW075-1,MI,2014,MI_2014,51.61
MSW138-2,MI,2014,MI_2014,21.25
MSW168-2,MI,2014,MI_2014,54.65
MSW259-6,MI,2014,MI_2014,57.69
MSW259-6,MI,2014,MI_2014,66.79
MSW293-1,MI,2014,MI_2014,51.61
MSW474-1,MI,2014,MI_2014,63.76
MSW485-2,MI,2014,MI_2014,54.65
MSW485-2,MI,2014,MI_2014,69.83
MSX150-1,MI,2014,MI_2014,45.54
MSX240-3,MI,2014,MI_2014,57.69
MSX245-2Y,MI,2014,MI_2014,63.76
MSX540-4,MI,2014,MI_2014,54.65
MSX542-2,MI,2014,MI_2014,42.5
NC302-12,MI,2014,MI_2014,39.47
NC311-9,MI,2014,MI_2014,51.61
NC317-12,MI,2014,MI_2014,48.58
NCJ100-7,MI,2014,MI_2014,30.36
NCJ106-2,MI,2014,MI_2014,21.25
NCJ107-6,MI,2014,MI_2014,27.32
ND7799c-1,MI,2014,MI_2014,24.29
ND7799c-1,MI,2014,MI_2014,60.72
NDA081453CAB-2C,MI,2014,MI_2014,60.72
NDTX060700C-1W,MI,2014,MI_2014,6.07
NDTX060700C-1W,MI,2014,MI_2014,9.11
NDTX071109C-1W,MI,2014,MI_2014,30.36
NDTX091908AB-2W,MI,2014,MI_2014,30.36
NDTX091908AB-2W,MI,2014,MI_2014,45.54
NDTX102557-1W,MI,2014,MI_2014,21.25
NY152,MI,2014,MI_2014,42.5
NY152,MI,2014,MI_2014,42.5
NY153,MI,2014,MI_2014,33.4
NY153,MI,2014,MI_2014,36.43
NY154,MI,2014,MI_2014,48.58
NY156,MI,2014,MI_2014,27.32
NY156,MI,2014,MI_2014,36.43
NY158,MI,2014,MI_2014,51.61
NY162,MI,2014,MI_2014,45.54
NYJ112-2,MI,2014,MI_2014,27.32
NYJ112-2,MI,2014,MI_2014,42.5
NYK27-1,MI,2014,MI_2014,33.4
NYK27-3,MI,2014,MI_2014,63.76
NYK28-18,MI,2014,MI_2014,78.94
NYWJ11-5,MI,2014,MI_2014,45.54
NYWJ11-5,MI,2014,MI_2014,57.69
Pike,MI,2014,MI_2014,18.22
Pike,MI,2014,MI_2014,24.29
Pike,MI,2014,MI_2014,24.29
Pike,MI,2014,MI_2014,27.32
Snowden,MI,2014,MI_2014,39.47
Snowden,MI,2014,MI_2014,39.47
Snowden,MI,2014,MI_2014,51.61
Snowden,MI,2014,MI_2014,54.65
TX09396-1W,MI,2014,MI_2014,21.25
TX09396-1W,MI,2014,MI_2014,36.43
TX09403-14W,MI,2014,MI_2014,36.43
W6822-3,MI,2014,MI_2014,33.4
W6822-3,MI,2014,MI_2014,36.43
W9200-13,MI,2014,MI_2014,21.25
W9200-13,MI,2014,MI_2014,48.58
W9306-1,MI,2014,MI_2014,6.07
W9306-1,MI,2014,MI_2014,39.47
W9827-7Y,MI,2014,MI_2014,21.25
W9871-4,MI,2014,MI_2014,63.76
W9871-6,MI,2014,MI_2014,54.65
W9874-3,MI,2014,MI_2014,45.54
W9891-1,MI,2014,MI_2014,72.87
W9905-3,MI,2014,MI_2014,33.4
W9905-6,MI,2014,MI_2014,45.54
W9905-7,MI,2014,MI_2014,42.5
W9922-5,MI,2014,MI_2014,45.54
W9967-16,MI,2014,MI_2014,24.29
W9967-4,MI,2014,MI_2014,15.18
W9967-5,MI,2014,MI_2014,27.32
W9968-2,MI,2014,MI_2014,39.47
W9968-3,MI,2014,MI_2014,54.65
W9968-5,MI,2014,MI_2014,57.69
A00188-3C,MI,2015,MI_2015,34
A00188-3C,MI,2015,MI_2015,46.76
A01143-3C,MI,2015,MI_2015,54.04
A01143-3C,MI,2015,MI_2015,67.7
AF4648-2,MI,2015,MI_2015,32.18
AF4648-2,MI,2015,MI_2015,40.38
AF5033-13,MI,2015,MI_2015,18.22
AF5033-13,MI,2015,MI_2015,30.36
AF5040-8,MI,2015,MI_2015,24.59
AF5040-8,MI,2015,MI_2015,40.68
AF5153-11,MI,2015,MI_2015,34.31
AF5153-11,MI,2015,MI_2015,34.61
AF5281-4,MI,2015,MI_2015,14.27
AF5281-4,MI,2015,MI_2015,23.38
AF5393-1,MI,2015,MI_2015,28.24
AF5425-6,MI,2015,MI_2015,40.08
AF5432-5,MI,2015,MI_2015,55.56
AF5445-2,MI,2015,MI_2015,48.58
AF5446-11,MI,2015,MI_2015,46.45
AF5446-11,MI,2015,MI_2015,49.49
AF5450-7,MI,2015,MI_2015,51.01
AF5484-3,MI,2015,MI_2015,52.52
AF5583-3,MI,2015,MI_2015,56.77
AFW5039-1,MI,2015,MI_2015,44.63
AFW5039-1,MI,2015,MI_2015,60.72
AOR09034-3,MI,2015,MI_2015,59.51
Atlantic,MI,2015,MI_2015,29.15
Atlantic,MI,2015,MI_2015,35.22
Atlantic,MI,2015,MI_2015,39.47
Atlantic,MI,2015,MI_2015,45.54
B2842-1,MI,2015,MI_2015,22.47
B2842-1,MI,2015,MI_2015,38.86
B2869-29,MI,2015,MI_2015,42.5
B2869-29,MI,2015,MI_2015,44.63
B2895-8,MI,2015,MI_2015,44.93
B2895-8,MI,2015,MI_2015,47.67
B2904-2,MI,2015,MI_2015,43.11
B2904-2,MI,2015,MI_2015,44.93
B2947-8,MI,2015,MI_2015,41.59
B2947-8,MI,2015,MI_2015,50.4
B2950-2,MI,2015,MI_2015,30.36
B2950-2,MI,2015,MI_2015,51.92
B2950-3,MI,2015,MI_2015,20.34
B2950-3,MI,2015,MI_2015,31.27
B2981-5,MI,2015,MI_2015,40.08
B2981-5,MI,2015,MI_2015,40.38
B3000-1,MI,2015,MI_2015,31.27
B3000-1,MI,2015,MI_2015,38.25
B3005-7,MI,2015,MI_2015,36.13
B3005-7,MI,2015,MI_2015,37.04
B3012-1,MI,2015,MI_2015,35.83
BNC311-4,MI,2015,MI_2015,51.31
BNC311-4,MI,2015,MI_2015,54.04
BNC366-1,MI,2015,MI_2015,33.09
BNC366-1,MI,2015,MI_2015,36.43
BNC371-2,MI,2015,MI_2015,45.84
BNC371-2,MI,2015,MI_2015,56.47
CO07070-10W,MI,2015,MI_2015,21.86
CO07070-10W,MI,2015,MI_2015,30.66
CO07070-13W,MI,2015,MI_2015,29.15
CO07070-13W,MI,2015,MI_2015,35.83
Lamoka,MI,2015,MI_2015,37.65
Lamoka,MI,2015,MI_2015,40.38
Lamoka,MI,2015,MI_2015,41.9
Lamoka,MI,2015,MI_2015,43.42
MSS428-2,MI,2015,MI_2015,32.18
MSS428-2,MI,2015,MI_2015,43.42
MST191-2Y,MI,2015,MI_2015,48.88
MST191-2Y,MI,2015,MI_2015,52.52
MSV030-4,MI,2015,MI_2015,36.13
MSV030-4,MI,2015,MI_2015,42.5
MSV241-2,MI,2015,MI_2015,38.56
MSV358-3,MI,2015,MI_2015,36.43
MSV358-3,MI,2015,MI_2015,40.99
MSV380-1,MI,2015,MI_2015,37.95
MSV498-1,MI,2015,MI_2015,42.81
MSV498-1,MI,2015,MI_2015,47.06
MSW075-1,MI,2015,MI_2015,50.7
MSW168-2,MI,2015,MI_2015,37.34
MSW299-2,MI,2015,MI_2015,29.15
MSW485-2,MI,2015,MI_2015,38.86
MSW509-5,MI,2015,MI_2015,44.63
MSW509-5,MI,2015,MI_2015,51.31
MSX240-3,MI,2015,MI_2015,47.36
MSX540-4,MI,2015,MI_2015,35.52
MSX540-4,MI,2015,MI_2015,50.4
MSZ222-19,MI,2015,MI_2015,50.4
NC252-49,MI,2015,MI_2015,56.77
NC280-89,MI,2015,MI_2015,49.18
NC317-12,MI,2015,MI_2015,35.83
NC317-12,MI,2015,MI_2015,52.52
NC371-3,MI,2015,MI_2015,27.63
NCJ107-6,MI,2015,MI_2015,42.81
NCJ107-6,MI,2015,MI_2015,44.02
ND113394CAB-7,MI,2015,MI_2015,40.08
NDA081453CAB-2C,MI,2015,MI_2015,38.86
NDA081453CAB-2C,MI,2015,MI_2015,43.72
NDTX071109C-1W,MI,2015,MI_2015,15.18
NDTX071109C-1W,MI,2015,MI_2015,27.32
NY154,MI,2015,MI_2015,56.47
NY154,MI,2015,MI_2015,65.88
NY162,MI,2015,MI_2015,37.65
NY162,MI,2015,MI_2015,56.77
NYK27-3,MI,2015,MI_2015,43.11
NYK27-3,MI,2015,MI_2015,63.76
NYK28-18,MI,2015,MI_2015,43.42
NYK28-18,MI,2015,MI_2015,69.83
NYL17-3,MI,2015,MI_2015,34
NYL2-12,MI,2015,MI_2015,33.4
NYL7-2,MI,2015,MI_2015,31.57
NYL8-12,MI,2015,MI_2015,30.97
Pike,MI,2015,MI_2015,31.27
Pike,MI,2015,MI_2015,31.88
Pike,MI,2015,MI_2015,32.49
Pike,MI,2015,MI_2015,35.83
Snowden,MI,2015,MI_2015,29.45
Snowden,MI,2015,MI_2015,38.86
Snowden,MI,2015,MI_2015,38.86
Snowden,MI,2015,MI_2015,45.54
TX09403-14W,MI,2015,MI_2015,40.99
W10128-1,MI,2015,MI_2015,41.59
W9891-1,MI,2015,MI_2015,21.86
W9891-1,MI,2015,MI_2015,38.86
W9905-3,MI,2015,MI_2015,36.43
W9905-3,MI,2015,MI_2015,37.95
W9905-7,MI,2015,MI_2015,34.91
W9905-7,MI,2015,MI_2015,41.59
W9968-5,MI,2015,MI_2015,53.74
W9968-5,MI,2015,MI_2015,59.2
A00188-3C,NY,2012,NY_2012,38.46
A00188-3C,NY,2012,NY_2012,48.96
A01143-3C,NY,2012,NY_2012,38.46
A01143-3C,NY,2012,NY_2012,41.96
A03440-2C,NY,2012,NY_2012,27.97
A07117-2C,NY,2012,NY_2012,17.48
AC00206-2W,NY,2012,NY_2012,27.97
AC00206-2W,NY,2012,NY_2012,31.47
AC01151-5W,NY,2012,NY_2012,31.47
AC01151-5W,NY,2012,NY_2012,34.97
AC03452-2W,NY,2012,NY_2012,41.96
AC03452-2W,NY,2012,NY_2012,52.45
AC05153-1W,NY,2012,NY_2012,20.98
AC05153-1W,NY,2012,NY_2012,38.46
Accumulator,NY,2012,NY_2012,48.96
Accumulator,NY,2012,NY_2012,48.96
AF4157-6,NY,2012,NY_2012,31.47
AF4157-6,NY,2012,NY_2012,34.97
AF4442-4,NY,2012,NY_2012,31.47
AF4552-5,NY,2012,NY_2012,45.46
AF4573-2,NY,2012,NY_2012,38.46
AF4640-1,NY,2012,NY_2012,41.96
AF4648-2,NY,2012,NY_2012,31.47
AF4648-2,NY,2012,NY_2012,41.96
AF4736-10,NY,2012,NY_2012,41.96
AF4740-1,NY,2012,NY_2012,45.46
AF4747-5,NY,2012,NY_2012,34.97
AF4971-3,NY,2012,NY_2012,41.96
AF4975-3,NY,2012,NY_2012,34.97
Atlantic,NY,2012,NY_2012,41.96
Atlantic,NY,2012,NY_2012,41.96
CO00270-7W,NY,2012,NY_2012,27.97
CO00270-7W,NY,2012,NY_2012,38.46
CO02024-9W,NY,2012,NY_2012,41.96
CO02024-9W,NY,2012,NY_2012,52.45
CO02033-1W,NY,2012,NY_2012,31.47
CO02033-1W,NY,2012,NY_2012,34.97
CO03243-3W,NY,2012,NY_2012,48.96
CO03243-3W,NY,2012,NY_2012,55.95
CO05061-2P,NY,2012,NY_2012,24.48
CO05061-2P,NY,2012,NY_2012,31.47
CO05061-6W,NY,2012,NY_2012,31.47
CO05061-6W,NY,2012,NY_2012,38.46
Lamoka,NY,2012,NY_2012,24.48
Lamoka,NY,2012,NY_2012,31.47
Manistee,NY,2012,NY_2012,20.98
Manistee,NY,2012,NY_2012,24.48
MegaChip,NY,2012,NY_2012,31.47
MegaChip,NY,2012,NY_2012,34.97
MSH228-6,NY,2012,NY_2012,48.96
MSH228-6,NY,2012,NY_2012,48.96
MSL007-B,NY,2012,NY_2012,27.97
MSL007-B,NY,2012,NY_2012,34.97
MSM246-B,NY,2012,NY_2012,24.48
MSM246-B,NY,2012,NY_2012,27.97
MSP239-1,NY,2012,NY_2012,31.47
MSP270-1,NY,2012,NY_2012,20.98
MSQ035-3,NY,2012,NY_2012,24.48
MSQ035-3,NY,2012,NY_2012,27.97
MSQ086-3,NY,2012,NY_2012,31.47
MSQ086-3,NY,2012,NY_2012,34.97
MSQ089-1,NY,2012,NY_2012,31.47
MSQ089-1,NY,2012,NY_2012,31.47
MSQ492-2,NY,2012,NY_2012,31.47
MSR036-5,NY,2012,NY_2012,34.97
MSR036-5,NY,2012,NY_2012,41.96
MSR058-1,NY,2012,NY_2012,20.98
MSR058-1,NY,2012,NY_2012,34.97
MSR127-2,NY,2012,NY_2012,41.96
MSR127-2,NY,2012,NY_2012,45.46
MSR128-4Y,NY,2012,NY_2012,27.97
MSR128-4Y,NY,2012,NY_2012,34.97
MSR148-4,NY,2012,NY_2012,41.96
MSR148-4,NY,2012,NY_2012,48.96
MSR157-1Y,NY,2012,NY_2012,24.48
MSR157-1Y,NY,2012,NY_2012,31.47
MSR169-8Y,NY,2012,NY_2012,17.48
MSR169-8Y,NY,2012,NY_2012,24.48
MSS108-1,NY,2012,NY_2012,45.46
MSS165-2Y,NY,2012,NY_2012,34.97
MSS165-2Y,NY,2012,NY_2012,34.97
MSS206-2,NY,2012,NY_2012,45.46
MSS297-3,NY,2012,NY_2012,20.98
MSS297-3,NY,2012,NY_2012,31.47
MSS428-2,NY,2012,NY_2012,45.46
MST096-2Y,NY,2012,NY_2012,41.96
MST184-3,NY,2012,NY_2012,31.47
MST186-1Y,NY,2012,NY_2012,20.98
MST229-1,NY,2012,NY_2012,24.48
MST412-3,NY,2012,NY_2012,27.97
MSW163-3,NY,2012,NY_2012,10.49
MSW293-1,NY,2012,NY_2012,41.96
MSW450-1,NY,2012,NY_2012,27.97
NDA081453CAB-2C,NY,2012,NY_2012,34.97
NY148,NY,2012,NY_2012,41.96
NY148,NY,2012,NY_2012,45.46
NY152,NY,2012,NY_2012,34.97
NY152,NY,2012,NY_2012,34.97
NY153,NY,2012,NY_2012,38.46
NY153,NY,2012,NY_2012,41.96
NY154,NY,2012,NY_2012,45.46
NY154,NY,2012,NY_2012,55.95
NY156,NY,2012,NY_2012,38.46
NYJ112-2,NY,2012,NY_2012,38.46
NYJ15-7,NY,2012,NY_2012,45.46
NYJ2-29,NY,2012,NY_2012,34.97
Snowden,NY,2012,NY_2012,34.97
Snowden,NY,2012,NY_2012,41.96
W6609-3,NY,2012,NY_2012,27.97
W6609-3,NY,2012,NY_2012,34.97
W8539-2Y,NY,2012,NY_2012,41.96
W8539-2Y,NY,2012,NY_2012,59.45
W8615-5,NY,2012,NY_2012,38.46
W8615-5,NY,2012,NY_2012,45.46
W8822-1,NY,2012,NY_2012,38.46
W8822-1,NY,2012,NY_2012,41.96
W8832-1Y,NY,2012,NY_2012,24.48
W8832-1Y,NY,2012,NY_2012,34.97
W8867-5,NY,2012,NY_2012,34.97
W8867-5,NY,2012,NY_2012,45.46
W8867-7,NY,2012,NY_2012,24.48
W8867-7,NY,2012,NY_2012,38.46
W9200-13,NY,2012,NY_2012,34.97
W9252-7,NY,2012,NY_2012,31.47
W9281-14,NY,2012,NY_2012,27.97
W9301-5,NY,2012,NY_2012,27.97
W9304-2,NY,2012,NY_2012,34.97
W9306-1,NY,2012,NY_2012,41.96
A00188-3C,NY,2013,NY_2013,38.46
A00188-3C,NY,2013,NY_2013,52.45
A01143-3C,NY,2013,NY_2013,45.46
A01143-3C,NY,2013,NY_2013,52.45
Accumulator,NY,2013,NY_2013,59.45
Accumulator,NY,2013,NY_2013,59.45
AF4157-6,NY,2013,NY_2013,34.97
AF4157-6,NY,2013,NY_2013,52.45
AF4552-5,NY,2013,NY_2013,34.97
AF4552-5,NY,2013,NY_2013,52.45
AF4573-2,NY,2013,NY_2013,62.94
AF4573-2,NY,2013,NY_2013,66.44
AF4648-2,NY,2013,NY_2013,55.95
AF4648-2,NY,2013,NY_2013,59.45
AF4736-10,NY,2013,NY_2013,34.97
AF4740-1,NY,2013,NY_2013,48.96
AF4747-5,NY,2013,NY_2013,31.47
AF4971-3,NY,2013,NY_2013,55.95
AF4975-3,NY,2013,NY_2013,55.95
AF5038-1,NY,2013,NY_2013,55.95
AF5038-6,NY,2013,NY_2013,38.46
AF5040-8,NY,2013,NY_2013,52.45
AF5081-4,NY,2013,NY_2013,59.45
AF5138-2,NY,2013,NY_2013,52.45
AF5142-3,NY,2013,NY_2013,38.46
AF5152-2,NY,2013,NY_2013,38.46
AF5152-3,NY,2013,NY_2013,31.47
AF5320-1,NY,2013,NY_2013,41.96
Atlantic,NY,2013,NY_2013,62.94
Atlantic,NY,2013,NY_2013,62.94
B2842-1,NY,2013,NY_2013,38.46
B2869-15,NY,2013,NY_2013,38.46
B2869-20,NY,2013,NY_2013,38.46
B2883-11,NY,2013,NY_2013,38.46
B2895-8,NY,2013,NY_2013,62.94
B2904-2,NY,2013,NY_2013,34.97
B2936-2,NY,2013,NY_2013,31.47
B2947-4,NY,2013,NY_2013,48.96
B2947-8,NY,2013,NY_2013,59.45
B2950-2,NY,2013,NY_2013,52.45
B2950-3,NY,2013,NY_2013,48.96
B2960-4,NY,2013,NY_2013,38.46
BNC311-4,NY,2013,NY_2013,38.46
BNC313-3,NY,2013,NY_2013,34.97
BNC317-8,NY,2013,NY_2013,41.96
CO02024-9W,NY,2013,NY_2013,69.94
CO02024-9W,NY,2013,NY_2013,69.94
CO02033-1W,NY,2013,NY_2013,48.96
CO02033-1W,NY,2013,NY_2013,52.45
CO05061-2P,NY,2013,NY_2013,27.97
CO05061-2P,NY,2013,NY_2013,27.97
CO05061-6W,NY,2013,NY_2013,48.96
CO05061-6W,NY,2013,NY_2013,55.95
Hodag,NY,2013,NY_2013,41.96
Hodag,NY,2013,NY_2013,55.95
Manistee,NY,2013,NY_2013,52.45
Manistee,NY,2013,NY_2013,52.45
MSK061-4,NY,2013,NY_2013,59.45
MSK061-4,NY,2013,NY_2013,62.94
MSL007-B,NY,2013,NY_2013,38.46
MSL007-B,NY,2013,NY_2013,38.46
MSM246-B,NY,2013,NY_2013,52.45
MSM246-B,NY,2013,NY_2013,55.95
MSN190-2,NY,2013,NY_2013,38.46
MSN190-2,NY,2013,NY_2013,45.46
MSQ086-3,NY,2013,NY_2013,55.95
MSQ086-3,NY,2013,NY_2013,59.45
MSQ089-1,NY,2013,NY_2013,48.96
MSQ089-1,NY,2013,NY_2013,62.94
MSR058-1,NY,2013,NY_2013,62.94
MSR058-1,NY,2013,NY_2013,69.94
MSR061-1,NY,2013,NY_2013,48.96
MSR061-1,NY,2013,NY_2013,55.95
MSR127-2,NY,2013,NY_2013,45.46
MSR127-2,NY,2013,NY_2013,69.94
MSR128-4Y,NY,2013,NY_2013,55.95
MSR128-4Y,NY,2013,NY_2013,59.45
MSR157-1Y,NY,2013,NY_2013,27.97
MSR157-1Y,NY,2013,NY_2013,34.97
MSR169-8Y,NY,2013,NY_2013,34.97
MSR169-8Y,NY,2013,NY_2013,45.46
MSS428-2,NY,2013,NY_2013,66.44
MSS428-2,NY,2013,NY_2013,73.43
MST096-2Y,NY,2013,NY_2013,45.46
MST096-2Y,NY,2013,NY_2013,48.96
MST154-3,NY,2013,NY_2013,45.46
MST184-3,NY,2013,NY_2013,27.97
MST184-3,NY,2013,NY_2013,55.95
MST186-1Y,NY,2013,NY_2013,59.45
MST186-1Y,NY,2013,NY_2013,62.94
MST191-2Y,NY,2013,NY_2013,48.96
MST229-1,NY,2013,NY_2013,41.96
MST412-3,NY,2013,NY_2013,55.95
MST412-3,NY,2013,NY_2013,66.44
MST441-1,NY,2013,NY_2013,52.45
MSU245-1,NY,2013,NY_2013,62.94
MSV030-4,NY,2013,NY_2013,48.96
MSV241-2,NY,2013,NY_2013,41.96
MSV358-3,NY,2013,NY_2013,38.46
MSV380-1,NY,2013,NY_2013,45.46
MSV394-3,NY,2013,NY_2013,38.46
MSV498-1,NY,2013,NY_2013,76.93
MSV505-2,NY,2013,NY_2013,41.96
MSW068-4,NY,2013,NY_2013,48.96
MSW075-1,NY,2013,NY_2013,52.45
MSW123-3,NY,2013,NY_2013,59.45
MSW252-2,NY,2013,NY_2013,34.97
MSW259-6,NY,2013,NY_2013,69.94
MSW293-1,NY,2013,NY_2013,52.45
MSW299-2,NY,2013,NY_2013,48.96
MSW326-6,NY,2013,NY_2013,31.47
MSW450-1,NY,2013,NY_2013,31.47
MSW474-1,NY,2013,NY_2013,48.96
MSW485-2,NY,2013,NY_2013,73.43
MSW500-4,NY,2013,NY_2013,41.96
MSW501-5,NY,2013,NY_2013,59.45
MSW509-5,NY,2013,NY_2013,59.45
NDA081453CAB-2C,NY,2013,NY_2013,62.94
NDTX060700C-1W,NY,2013,NY_2013,24.48
NDTX071109C-1W,NY,2013,NY_2013,27.97
NDTX091908AB-2W,NY,2013,NY_2013,55.95
NY152,NY,2013,NY_2013,62.94
NY152,NY,2013,NY_2013,62.94
NY156,NY,2013,NY_2013,41.96
NY156,NY,2013,NY_2013,52.45
NYJ112-2,NY,2013,NY_2013,52.45
NYJ112-2,NY,2013,NY_2013,59.45
NYJ2-29,NY,2013,NY_2013,45.46
NYJ2-29,NY,2013,NY_2013,55.95
NYWJ11-5,NY,2013,NY_2013,62.94
Snowden,NY,2013,NY_2013,59.45
Snowden,NY,2013,NY_2013,66.44
TX09396-1W,NY,2013,NY_2013,34.97
W6822-3,NY,2013,NY_2013,41.96
W6822-3,NY,2013,NY_2013,55.95
W8587-4,NY,2013,NY_2013,27.97
W8603-1,NY,2013,NY_2013,34.97
W8603-1,NY,2013,NY_2013,41.96
W8822-1,NY,2013,NY_2013,62.94
W8822-1,NY,2013,NY_2013,66.44
W8848-3,NY,2013,NY_2013,34.97
W8848-3,NY,2013,NY_2013,41.96
W8867-5,NY,2013,NY_2013,38.46
W8867-5,NY,2013,NY_2013,45.46
W8867-7,NY,2013,NY_2013,27.97
W8867-7,NY,2013,NY_2013,38.46
W9200-13,NY,2013,NY_2013,41.96
W9200-13,NY,2013,NY_2013,52.45
W9200-7,NY,2013,NY_2013,38.46
W9202-2,NY,2013,NY_2013,45.46
W9252-7,NY,2013,NY_2013,52.45
W9252-7,NY,2013,NY_2013,66.44
W9285-3Y,NY,2013,NY_2013,52.45
W9306-1,NY,2013,NY_2013,34.97
W9306-1,NY,2013,NY_2013,48.96
W9577-6Y,NY,2013,NY_2013,52.45
W9632-1,NY,2013,NY_2013,38.46
W9632-1,NY,2013,NY_2013,48.96
W9652-1,NY,2013,NY_2013,45.46
W9652-1,NY,2013,NY_2013,62.94
A00188-3C,NY,2014,NY_2014,45.46
A00188-3C,NY,2014,NY_2014,48.96
A01143-3C,NY,2014,NY_2014,52.45
A01143-3C,NY,2014,NY_2014,55.95
AF4442-4,NY,2014,NY_2014,45.46
AF4442-4,NY,2014,NY_2014,45.46
AF4552-5,NY,2014,NY_2014,41.96
AF4552-5,NY,2014,NY_2014,48.96
AF4648-2,NY,2014,NY_2014,48.96
AF4648-2,NY,2014,NY_2014,48.96
AF4971-3,NY,2014,NY_2014,52.45
AF4975-3,NY,2014,NY_2014,48.96
AF4975-3,NY,2014,NY_2014,59.45
AF5033-13,NY,2014,NY_2014,41.96
AF5039-11,NY,2014,NY_2014,24.48
AF5039-15,NY,2014,NY_2014,41.96
AF5040-8,NY,2014,NY_2014,41.96
AF5040-8,NY,2014,NY_2014,52.45
AF5044-21,NY,2014,NY_2014,34.97
AF5142-1,NY,2014,NY_2014,41.96
AF5152-2,NY,2014,NY_2014,45.46
AF5152-2,NY,2014,NY_2014,45.46
AF5152-3,NY,2014,NY_2014,38.46
AF5153-11,NY,2014,NY_2014,48.96
AF5280-2,NY,2014,NY_2014,31.47
AF5281-4,NY,2014,NY_2014,10.49
AF5292-4,NY,2014,NY_2014,59.45
AF5332-2,NY,2014,NY_2014,48.96
AF5386-4,NY,2014,NY_2014,48.96
AF5386-4,NY,2014,NY_2014,52.45
AF5387-6,NY,2014,NY_2014,34.97
AF5392-8,NY,2014,NY_2014,27.97
AF5425-6,NY,2014,NY_2014,45.46
AF5426-3,NY,2014,NY_2014,41.96
AF5432-5,NY,2014,NY_2014,62.94
AF5432-5,NY,2014,NY_2014,66.44
AF5445-4,NY,2014,NY_2014,38.46
AF5446-11,NY,2014,NY_2014,52.45
AF5447-10,NY,2014,NY_2014,41.96
AFW5039-1,NY,2014,NY_2014,55.95
Atlantic,NY,2014,NY_2014,45.46
Atlantic,NY,2014,NY_2014,55.95
Atlantic,NY,2014,NY_2014,55.95
Atlantic,NY,2014,NY_2014,59.45
Atlantic,NY,2014,NY_2014,59.45
Atlantic,NY,2014,NY_2014,69.94
B2827-12,NY,2014,NY_2014,27.97
B2842-1,NY,2014,NY_2014,34.97
B2842-1,NY,2014,NY_2014,38.46
B2869-20,NY,2014,NY_2014,41.96
B2869-20,NY,2014,NY_2014,41.96
B2869-29,NY,2014,NY_2014,45.46
B2869-29,NY,2014,NY_2014,45.46
B2883-11,NY,2014,NY_2014,41.96
B2883-11,NY,2014,NY_2014,48.96
B2890-11,NY,2014,NY_2014,38.46
B2895-8,NY,2014,NY_2014,27.97
B2895-8,NY,2014,NY_2014,41.96
B2904-2,NY,2014,NY_2014,48.96
B2904-2,NY,2014,NY_2014,55.95
B2908-3,NY,2014,NY_2014,52.45
B2936-2,NY,2014,NY_2014,38.46
B2936-2,NY,2014,NY_2014,41.96
B2947-4,NY,2014,NY_2014,45.46
B2947-4,NY,2014,NY_2014,48.96
B2947-8,NY,2014,NY_2014,45.46
B2947-8,NY,2014,NY_2014,48.96
B2950-2,NY,2014,NY_2014,52.45
B2950-2,NY,2014,NY_2014,55.95
B2950-3,NY,2014,NY_2014,41.96
B2950-3,NY,2014,NY_2014,45.46
B2960-4,NY,2014,NY_2014,27.97
B2960-4,NY,2014,NY_2014,41.96
B2971-2,NY,2014,NY_2014,41.96
B2981-3,NY,2014,NY_2014,34.97
B2981-5,NY,2014,NY_2014,41.96
B2993-6,NY,2014,NY_2014,38.46
B2996-1,NY,2014,NY_2014,34.97
B2999-6,NY,2014,NY_2014,20.98
B3000-1,NY,2014,NY_2014,45.46
B3002-1,NY,2014,NY_2014,31.47
B3003-1,NY,2014,NY_2014,27.97
B3003-10,NY,2014,NY_2014,34.97
B3005-7,NY,2014,NY_2014,41.96
B3005-9,NY,2014,NY_2014,41.96
B3012-3,NY,2014,NY_2014,38.46
B3012-7,NY,2014,NY_2014,24.48
B3015-1,NY,2014,NY_2014,45.46
BNC311-4,NY,2014,NY_2014,31.47
BNC311-4,NY,2014,NY_2014,34.97
BNC366-1,NY,2014,NY_2014,34.97
BNC371-2,NY,2014,NY_2014,59.45
CO05061-6W,NY,2014,NY_2014,41.96
CO07070-10W,NY,2014,NY_2014,34.97
CO07070-13W,NY,2014,NY_2014,34.97
Lamoka,NY,2014,NY_2014,45.46
MSM246-B,NY,2014,NY_2014,38.46
MSM246-B,NY,2014,NY_2014,41.96
MSQ089-1,NY,2014,NY_2014,45.46
MSQ089-1,NY,2014,NY_2014,52.45
MSR061-1,NY,2014,NY_2014,48.96
MSR061-1,NY,2014,NY_2014,55.95
MSR127-2,NY,2014,NY_2014,27.97
MSR127-2,NY,2014,NY_2014,48.96
MSS428-2,NY,2014,NY_2014,34.97
MST184-3,NY,2014,NY_2014,31.47
MST184-3,NY,2014,NY_2014,41.96
MST186-1Y,NY,2014,NY_2014,41.96
MST186-1Y,NY,2014,NY_2014,48.96
MST191-2Y,NY,2014,NY_2014,55.95
MST191-2Y,NY,2014,NY_2014,62.94
MST229-1,NY,2014,NY_2014,48.96
MSU245-1,NY,2014,NY_2014,48.96
MSV030-4,NY,2014,NY_2014,41.96
MSV030-4,NY,2014,NY_2014,45.46
MSV093-1,NY,2014,NY_2014,69.94
MSV111-1,NY,2014,NY_2014,52.45
MSV358-3,NY,2014,NY_2014,48.96
MSV358-3,NY,2014,NY_2014,52.45
MSV380-1,NY,2014,NY_2014,34.97
MSV394-3,NY,2014,NY_2014,41.96
MSV498-1,NY,2014,NY_2014,62.94
MSV498-1,NY,2014,NY_2014,66.44
MSV505-2,NY,2014,NY_2014,38.46
MSV507-007,NY,2014,NY_2014,38.46
MSV507-094,NY,2014,NY_2014,38.46
MSV507-100,NY,2014,NY_2014,55.95
MSV507-128,NY,2014,NY_2014,38.46
MSV507-143,NY,2014,NY_2014,45.46
MSV507-146,NY,2014,NY_2014,52.45
MSV507-198,NY,2014,NY_2014,45.46
MSW075-1,NY,2014,NY_2014,52.45
MSW138-2,NY,2014,NY_2014,38.46
MSW168-2,NY,2014,NY_2014,66.44
MSW259-6,NY,2014,NY_2014,52.45
MSW259-6,NY,2014,NY_2014,55.95
MSW293-1,NY,2014,NY_2014,48.96
MSW474-1,NY,2014,NY_2014,55.95
MSW485-2,NY,2014,NY_2014,45.46
MSW485-2,NY,2014,NY_2014,69.94
MSX150-1,NY,2014,NY_2014,69.94
MSX240-3,NY,2014,NY_2014,52.45
MSX245-2Y,NY,2014,NY_2014,62.94
MSX540-4,NY,2014,NY_2014,55.95
MSX542-2,NY,2014,NY_2014,45.46
NC302-12,NY,2014,NY_2014,38.46
NC311-9,NY,2014,NY_2014,48.96
NC317-12,NY,2014,NY_2014,55.95
NCJ100-7,NY,2014,NY_2014,41.96
NCJ106-2,NY,2014,NY_2014,27.97
NCJ107-6,NY,2014,NY_2014,45.46
ND7799c-1,NY,2014,NY_2014,48.96
ND7799c-1,NY,2014,NY_2014,52.45
NDA081453CAB-2C,NY,2014,NY_2014,48.96
NDTX060700C-1W,NY,2014,NY_2014,13.99
NDTX060700C-1W,NY,2014,NY_2014,13.99
NDTX071109C-1W,NY,2014,NY_2014,45.46
NDTX091908AB-2W,NY,2014,NY_2014,31.47
NDTX091908AB-2W,NY,2014,NY_2014,38.46
NDTX102557-1W,NY,2014,NY_2014,27.97
NY152,NY,2014,NY_2014,55.95
NY152,NY,2014,NY_2014,59.45
NY153,NY,2014,NY_2014,34.97
NY153,NY,2014,NY_2014,38.46
NY154,NY,2014,NY_2014,62.94
NY156,NY,2014,NY_2014,45.46
NY156,NY,2014,NY_2014,45.46
NY158,NY,2014,NY_2014,66.44
NY162,NY,2014,NY_2014,41.96
NYJ112-2,NY,2014,NY_2014,38.46
NYJ112-2,NY,2014,NY_2014,48.96
NYK27-1,NY,2014,NY_2014,41.96
NYK27-3,NY,2014,NY_2014,48.96
NYK28-18,NY,2014,NY_2014,45.46
NYWJ11-5,NY,2014,NY_2014,62.94
NYWJ11-5,NY,2014,NY_2014,69.94
Snowden,NY,2014,NY_2014,48.96
Snowden,NY,2014,NY_2014,48.96
Snowden,NY,2014,NY_2014,55.95
Snowden,NY,2014,NY_2014,55.95
Snowden,NY,2014,NY_2014,59.45
Snowden,NY,2014,NY_2014,66.44
TX09396-1W,NY,2014,NY_2014,31.47
TX09396-1W,NY,2014,NY_2014,45.46
TX09403-14W,NY,2014,NY_2014,38.46
W6822-3,NY,2014,NY_2014,45.46
W6822-3,NY,2014,NY_2014,45.46
W9200-13,NY,2014,NY_2014,38.46
W9200-13,NY,2014,NY_2014,41.96
W9306-1,NY,2014,NY_2014,20.98
W9306-1,NY,2014,NY_2014,27.97
W9827-7Y,NY,2014,NY_2014,34.97
W9871-4,NY,2014,NY_2014,55.95
W9871-6,NY,2014,NY_2014,62.94
W9874-3,NY,2014,NY_2014,41.96
W9891-1,NY,2014,NY_2014,48.96
W9905-3,NY,2014,NY_2014,38.46
W9905-6,NY,2014,NY_2014,41.96
W9905-7,NY,2014,NY_2014,52.45
W9922-5,NY,2014,NY_2014,41.96
W9967-16,NY,2014,NY_2014,31.47
W9967-4,NY,2014,NY_2014,31.47
W9967-5,NY,2014,NY_2014,38.46
W9968-2,NY,2014,NY_2014,34.97
W9968-3,NY,2014,NY_2014,38.46
W9968-5,NY,2014,NY_2014,59.45
A00188-3C,NY,2015,NY_2015,37.77
A00188-3C,NY,2015,NY_2015,44.06
A01143-3C,NY,2015,NY_2015,52.8
A01143-3C,NY,2015,NY_2015,53.15
AF4648-2,NY,2015,NY_2015,36.72
AF4648-2,NY,2015,NY_2015,41.96
AF5033-13,NY,2015,NY_2015,23.78
AF5033-13,NY,2015,NY_2015,27.97
AF5040-8,NY,2015,NY_2015,40.21
AF5040-8,NY,2015,NY_2015,44.76
AF5153-11,NY,2015,NY_2015,26.58
AF5153-11,NY,2015,NY_2015,38.12
AF5281-4,NY,2015,NY_2015,30.07
AF5281-4,NY,2015,NY_2015,38.81
AF5392-8,NY,2015,NY_2015,33.92
AF5393-1,NY,2015,NY_2015,48.61
AF5432-5,NY,2015,NY_2015,53.15
AF5432-5,NY,2015,NY_2015,55.95
AF5445-2,NY,2015,NY_2015,46.86
AF5446-11,NY,2015,NY_2015,36.72
AF5446-11,NY,2015,NY_2015,42.66
AF5450-7,NY,2015,NY_2015,48.96
AF5484-3,NY,2015,NY_2015,44.06
AF5583-3,NY,2015,NY_2015,37.77
AFW5039-1,NY,2015,NY_2015,41.96
AFW5039-1,NY,2015,NY_2015,45.46
AOR09034-3,NY,2015,NY_2015,57
Atlantic,NY,2015,NY_2015,34.62
Atlantic,NY,2015,NY_2015,36.37
Atlantic,NY,2015,NY_2015,41.96
Atlantic,NY,2015,NY_2015,43.01
Atlantic,NY,2015,NY_2015,46.86
Atlantic,NY,2015,NY_2015,47.56
B2842-1,NY,2015,NY_2015,43.36
B2842-1,NY,2015,NY_2015,43.71
B2869-29,NY,2015,NY_2015,37.77
B2869-29,NY,2015,NY_2015,42.66
B2895-8,NY,2015,NY_2015,45.11
B2895-8,NY,2015,NY_2015,50.7
B2904-2,NY,2015,NY_2015,35.32
B2904-2,NY,2015,NY_2015,37.77
B2947-8,NY,2015,NY_2015,34.97
B2947-8,NY,2015,NY_2015,39.51
B2950-2,NY,2015,NY_2015,42.31
B2950-2,NY,2015,NY_2015,46.16
B2950-3,NY,2015,NY_2015,39.16
B2950-3,NY,2015,NY_2015,44.76
B2981-5,NY,2015,NY_2015,34.97
B2981-5,NY,2015,NY_2015,35.67
B3000-1,NY,2015,NY_2015,41.96
B3000-1,NY,2015,NY_2015,43.01
B3005-7,NY,2015,NY_2015,32.17
B3005-7,NY,2015,NY_2015,36.72
B3012-1,NY,2015,NY_2015,50.7
BNC311-4,NY,2015,NY_2015,41.61
BNC311-4,NY,2015,NY_2015,44.06
BNC366-1,NY,2015,NY_2015,32.52
BNC366-1,NY,2015,NY_2015,36.37
BNC371-2,NY,2015,NY_2015,38.46
BNC371-2,NY,2015,NY_2015,39.86
CO07070-10W,NY,2015,NY_2015,24.13
CO07070-10W,NY,2015,NY_2015,34.97
CO07070-13W,NY,2015,NY_2015,27.97
CO07070-13W,NY,2015,NY_2015,31.82
Lamoka,NY,2015,NY_2015,28.32
Lamoka,NY,2015,NY_2015,33.22
Lamoka,NY,2015,NY_2015,33.57
Lamoka,NY,2015,NY_2015,34.97
Lamoka,NY,2015,NY_2015,36.02
Lamoka,NY,2015,NY_2015,41.26
MSS428-2,NY,2015,NY_2015,34.27
MSS428-2,NY,2015,NY_2015,39.16
MST191-2Y,NY,2015,NY_2015,49.65
MST191-2Y,NY,2015,NY_2015,54.55
MSV030-4,NY,2015,NY_2015,38.81
MSV030-4,NY,2015,NY_2015,42.66
MSV241-2,NY,2015,NY_2015,30.42
MSV241-2,NY,2015,NY_2015,39.16
MSV358-3,NY,2015,NY_2015,37.77
MSV358-3,NY,2015,NY_2015,45.11
MSV380-1,NY,2015,NY_2015,34.27
MSV498-1,NY,2015,NY_2015,44.06
MSV498-1,NY,2015,NY_2015,47.56
MSW075-1,NY,2015,NY_2015,42.66
MSW168-2,NY,2015,NY_2015,36.37
MSW299-2,NY,2015,NY_2015,41.96
MSW485-2,NY,2015,NY_2015,45.46
MSW509-5,NY,2015,NY_2015,45.46
MSW509-5,NY,2015,NY_2015,58.05
MSX240-3,NY,2015,NY_2015,32.87
MSX540-4,NY,2015,NY_2015,36.72
MSX540-4,NY,2015,NY_2015,40.56
MSZ222-19,NY,2015,NY_2015,35.32
NC252-49,NY,2015,NY_2015,50.35
NC317-12,NY,2015,NY_2015,42.66
NC317-12,NY,2015,NY_2015,45.46
NC371-3,NY,2015,NY_2015,27.62
NDA081453CAB-2C,NY,2015,NY_2015,40.91
NDA081453CAB-2C,NY,2015,NY_2015,43.01
NDTX071109C-1W,NY,2015,NY_2015,30.42
NDTX071109C-1W,NY,2015,NY_2015,30.77
NY154,NY,2015,NY_2015,57.7
NY154,NY,2015,NY_2015,63.29
NY162,NY,2015,NY_2015,40.91
NY162,NY,2015,NY_2015,44.06
NYK27-3,NY,2015,NY_2015,47.56
NYK27-3,NY,2015,NY_2015,52.45
NYK28-18,NY,2015,NY_2015,44.41
NYK28-18,NY,2015,NY_2015,48.26
NYL17-3,NY,2015,NY_2015,46.51
NYL2-12,NY,2015,NY_2015,47.21
NYL7-2,NY,2015,NY_2015,41.61
NYL8-12,NY,2015,NY_2015,43.36
Pike,NY,2015,NY_2015,33.22
Pike,NY,2015,NY_2015,33.92
Pike,NY,2015,NY_2015,34.62
Pike,NY,2015,NY_2015,38.46
Pike,NY,2015,NY_2015,38.46
Pike,NY,2015,NY_2015,40.21
Snowden,NY,2015,NY_2015,40.21
Snowden,NY,2015,NY_2015,44.06
Snowden,NY,2015,NY_2015,44.41
Snowden,NY,2015,NY_2015,44.76
Snowden,NY,2015,NY_2015,45.11
Snowden,NY,2015,NY_2015,48.96
Snowden,NY,2015,NY_2015,51.75
TX09403-14W,NY,2015,NY_2015,32.17
TX09403-14W,NY,2015,NY_2015,40.56
W10128-1,NY,2015,NY_2015,36.02
W9891-1,NY,2015,NY_2015,23.78
W9891-1,NY,2015,NY_2015,28.32
W9905-3,NY,2015,NY_2015,29.72
W9905-3,NY,2015,NY_2015,34.97
W9905-7,NY,2015,NY_2015,23.43
W9905-7,NY,2015,NY_2015,30.42
W9968-5,NY,2015,NY_2015,34.97
W9968-5,NY,2015,NY_2015,47.21
A00188-3C,OR,2012,OR_2012,60.72
A00188-3C,OR,2012,OR_2012,63.92
A01143-3C,OR,2012,OR_2012,67.11
A01143-3C,OR,2012,OR_2012,76.7
A03440-2C,OR,2012,OR_2012,73.5
A07117-2C,OR,2012,OR_2012,54.33
AC00206-2W,OR,2012,OR_2012,57.53
AC00206-2W,OR,2012,OR_2012,67.11
AC01151-5W,OR,2012,OR_2012,70.31
AC01151-5W,OR,2012,OR_2012,79.9
AC03452-2W,OR,2012,OR_2012,83.09
AC03452-2W,OR,2012,OR_2012,83.09
AC05153-1W,OR,2012,OR_2012,51.13
AC05153-1W,OR,2012,OR_2012,57.53
Accumulator,OR,2012,OR_2012,67.11
Accumulator,OR,2012,OR_2012,86.29
AF4157-6,OR,2012,OR_2012,44.74
AF4157-6,OR,2012,OR_2012,63.92
AF4442-4,OR,2012,OR_2012,73.5
AF4552-5,OR,2012,OR_2012,83.09
AF4573-2,OR,2012,OR_2012,92.68
AF4640-1,OR,2012,OR_2012,86.29
AF4648-2,OR,2012,OR_2012,54.33
AF4648-2,OR,2012,OR_2012,57.53
AF4736-10,OR,2012,OR_2012,63.92
AF4740-1,OR,2012,OR_2012,76.7
AF4747-5,OR,2012,OR_2012,57.53
AF4971-3,OR,2012,OR_2012,67.11
AF4975-3,OR,2012,OR_2012,89.48
Atlantic,OR,2012,OR_2012,83.09
Atlantic,OR,2012,OR_2012,83.09
Atlantic,OR,2012,OR_2012,86.29
CO00270-7W,OR,2012,OR_2012,60.72
CO00270-7W,OR,2012,OR_2012,63.92
CO02024-9W,OR,2012,OR_2012,51.13
CO02024-9W,OR,2012,OR_2012,63.92
CO02033-1W,OR,2012,OR_2012,31.96
CO02033-1W,OR,2012,OR_2012,63.92
CO03243-3W,OR,2012,OR_2012,60.72
CO03243-3W,OR,2012,OR_2012,79.9
CO05061-2P,OR,2012,OR_2012,73.5
CO05061-2P,OR,2012,OR_2012,76.7
CO05061-6W,OR,2012,OR_2012,60.72
CO05061-6W,OR,2012,OR_2012,76.7
Manistee,OR,2012,OR_2012,47.94
Manistee,OR,2012,OR_2012,54.33
MegaChip,OR,2012,OR_2012,83.09
MegaChip,OR,2012,OR_2012,86.29
MSH228-6,OR,2012,OR_2012,67.11
MSH228-6,OR,2012,OR_2012,73.5
MSL007-B,OR,2012,OR_2012,47.94
MSL007-B,OR,2012,OR_2012,54.33
MSM246-B,OR,2012,OR_2012,70.31
MSM246-B,OR,2012,OR_2012,79.9
MSP239-1,OR,2012,OR_2012,54.33
MSP270-1,OR,2012,OR_2012,57.53
MSQ035-3,OR,2012,OR_2012,51.13
MSQ035-3,OR,2012,OR_2012,70.31
MSQ086-3,OR,2012,OR_2012,47.94
MSQ086-3,OR,2012,OR_2012,57.53
MSQ089-1,OR,2012,OR_2012,60.72
MSQ089-1,OR,2012,OR_2012,76.7
MSQ492-2,OR,2012,OR_2012,63.92
MSR036-5,OR,2012,OR_2012,41.55
MSR036-5,OR,2012,OR_2012,63.92
MSR058-1,OR,2012,OR_2012,28.76
MSR058-1,OR,2012,OR_2012,31.96
MSR127-2,OR,2012,OR_2012,47.94
MSR127-2,OR,2012,OR_2012,51.13
MSR128-4Y,OR,2012,OR_2012,25.57
MSR128-4Y,OR,2012,OR_2012,31.96
MSR148-4,OR,2012,OR_2012,57.53
MSR148-4,OR,2012,OR_2012,60.72
MSR157-1Y,OR,2012,OR_2012,41.55
MSR157-1Y,OR,2012,OR_2012,51.13
MSR169-8Y,OR,2012,OR_2012,25.57
MSR169-8Y,OR,2012,OR_2012,51.13
MSS108-1,OR,2012,OR_2012,76.7
MSS165-2Y,OR,2012,OR_2012,57.53
MSS165-2Y,OR,2012,OR_2012,86.29
MSS206-2,OR,2012,OR_2012,73.5
MSS297-3,OR,2012,OR_2012,41.55
MSS297-3,OR,2012,OR_2012,60.72
MSS428-2,OR,2012,OR_2012,76.7
MST096-2Y,OR,2012,OR_2012,60.72
MST184-3,OR,2012,OR_2012,54.33
MST186-1Y,OR,2012,OR_2012,73.5
MST229-1,OR,2012,OR_2012,54.33
MST412-3,OR,2012,OR_2012,73.5
MSW163-3,OR,2012,OR_2012,47.94
MSW293-1,OR,2012,OR_2012,73.5
MSW450-1,OR,2012,OR_2012,67.11
NDA081453CAB-2C,OR,2012,OR_2012,67.11
NY148,OR,2012,OR_2012,70.31
NY148,OR,2012,OR_2012,86.29
NY152,OR,2012,OR_2012,73.5
NY152,OR,2012,OR_2012,73.5
NY153,OR,2012,OR_2012,76.7
NY153,OR,2012,OR_2012,79.9
NY154,OR,2012,OR_2012,76.7
NY154,OR,2012,OR_2012,92.68
NY156,OR,2012,OR_2012,86.29
NYJ15-7,OR,2012,OR_2012,92.68
NYJ2-29,OR,2012,OR_2012,67.11
Snowden,OR,2012,OR_2012,73.5
Snowden,OR,2012,OR_2012,73.5
Snowden,OR,2012,OR_2012,73.5
Snowden,OR,2012,OR_2012,89.48
Snowden,OR,2012,OR_2012,89.48
W6609-3,OR,2012,OR_2012,35.15
W6609-3,OR,2012,OR_2012,60.72
W8539-2Y,OR,2012,OR_2012,54.33
W8539-2Y,OR,2012,OR_2012,67.11
W8615-5,OR,2012,OR_2012,86.29
W8615-5,OR,2012,OR_2012,99.07
W8822-1,OR,2012,OR_2012,73.5
W8822-1,OR,2012,OR_2012,73.5
W8832-1Y,OR,2012,OR_2012,41.55
W8832-1Y,OR,2012,OR_2012,54.33
W8867-5,OR,2012,OR_2012,79.9
W8867-5,OR,2012,OR_2012,83.09
W8867-7,OR,2012,OR_2012,57.53
W8867-7,OR,2012,OR_2012,67.11
W9200-13,OR,2012,OR_2012,51.13
W9252-7,OR,2012,OR_2012,67.11
W9281-14,OR,2012,OR_2012,76.7
W9301-5,OR,2012,OR_2012,60.72
W9304-2,OR,2012,OR_2012,67.11
W9306-1,OR,2012,OR_2012,60.72
A00188-3C,OR,2013,OR_2013,73.5
A00188-3C,OR,2013,OR_2013,83.09
A01143-3C,OR,2013,OR_2013,86.29
A01143-3C,OR,2013,OR_2013,95.88
Accumulator,OR,2013,OR_2013,99.07
Accumulator,OR,2013,OR_2013,118.25
AF4157-6,OR,2013,OR_2013,54.33
AF4157-6,OR,2013,OR_2013,60.72
AF4552-5,OR,2013,OR_2013,76.7
AF4552-5,OR,2013,OR_2013,89.48
AF4573-2,OR,2013,OR_2013,79.9
AF4573-2,OR,2013,OR_2013,95.88
AF4648-2,OR,2013,OR_2013,60.72
AF4648-2,OR,2013,OR_2013,63.92
AF4736-10,OR,2013,OR_2013,79.9
AF4740-1,OR,2013,OR_2013,57.53
AF4747-5,OR,2013,OR_2013,73.5
AF4971-3,OR,2013,OR_2013,79.9
AF4975-3,OR,2013,OR_2013,54.33
AF5038-1,OR,2013,OR_2013,76.7
AF5038-6,OR,2013,OR_2013,86.29
AF5040-8,OR,2013,OR_2013,67.11
AF5081-4,OR,2013,OR_2013,73.5
AF5138-2,OR,2013,OR_2013,79.9
AF5142-3,OR,2013,OR_2013,47.94
AF5152-2,OR,2013,OR_2013,70.31
AF5152-3,OR,2013,OR_2013,76.7
AF5320-1,OR,2013,OR_2013,73.5
Atlantic,OR,2013,OR_2013,76.7
Atlantic,OR,2013,OR_2013,83.09
Atlantic,OR,2013,OR_2013,83.09
B2842-1,OR,2013,OR_2013,83.09
B2869-15,OR,2013,OR_2013,60.72
B2869-20,OR,2013,OR_2013,70.31
B2869-29,OR,2013,OR_2013,95.88
B2883-11,OR,2013,OR_2013,57.53
B2895-8,OR,2013,OR_2013,99.07
B2904-2,OR,2013,OR_2013,86.29
B2936-2,OR,2013,OR_2013,83.09
B2947-4,OR,2013,OR_2013,67.11
B2947-8,OR,2013,OR_2013,95.88
B2950-2,OR,2013,OR_2013,86.29
B2950-3,OR,2013,OR_2013,86.29
B2960-4,OR,2013,OR_2013,79.9
BNC311-4,OR,2013,OR_2013,67.11
BNC313-3,OR,2013,OR_2013,57.53
BNC317-8,OR,2013,OR_2013,67.11
CO02024-9W,OR,2013,OR_2013,86.29
CO02024-9W,OR,2013,OR_2013,92.68
CO02033-1W,OR,2013,OR_2013,70.31
CO02033-1W,OR,2013,OR_2013,79.9
CO05061-2P,OR,2013,OR_2013,44.74
CO05061-2P,OR,2013,OR_2013,57.53
CO05061-6W,OR,2013,OR_2013,73.5
CO05061-6W,OR,2013,OR_2013,79.9
Hodag,OR,2013,OR_2013,76.7
Hodag,OR,2013,OR_2013,95.88
Manistee,OR,2013,OR_2013,63.92
Manistee,OR,2013,OR_2013,70.31
MSK061-4,OR,2013,OR_2013,79.9
MSK061-4,OR,2013,OR_2013,83.09
MSL007-B,OR,2013,OR_2013,63.92
MSL007-B,OR,2013,OR_2013,67.11
MSM246-B,OR,2013,OR_2013,83.09
MSM246-B,OR,2013,OR_2013,86.29
MSN190-2,OR,2013,OR_2013,54.33
MSN190-2,OR,2013,OR_2013,60.72
MSQ086-3,OR,2013,OR_2013,86.29
MSQ086-3,OR,2013,OR_2013,92.68
MSQ089-1,OR,2013,OR_2013,86.29
MSQ089-1,OR,2013,OR_2013,95.88
MSR058-1,OR,2013,OR_2013,73.5
MSR058-1,OR,2013,OR_2013,79.9
MSR061-1,OR,2013,OR_2013,57.53
MSR061-1,OR,2013,OR_2013,70.31
MSR127-2,OR,2013,OR_2013,83.09
MSR127-2,OR,2013,OR_2013,95.88
MSR128-4Y,OR,2013,OR_2013,73.5
MSR128-4Y,OR,2013,OR_2013,73.5
MSR157-1Y,OR,2013,OR_2013,67.11
MSR157-1Y,OR,2013,OR_2013,83.09
MSR169-8Y,OR,2013,OR_2013,73.5
MSR169-8Y,OR,2013,OR_2013,73.5
MSS428-2,OR,2013,OR_2013,92.68
MSS428-2,OR,2013,OR_2013,105.46
MST096-2Y,OR,2013,OR_2013,60.72
MST096-2Y,OR,2013,OR_2013,63.92
MST154-3,OR,2013,OR_2013,51.13
MST184-3,OR,2013,OR_2013,60.72
MST184-3,OR,2013,OR_2013,70.31
MST186-1Y,OR,2013,OR_2013,79.9
MST186-1Y,OR,2013,OR_2013,95.88
MST191-2Y,OR,2013,OR_2013,105.46
MST229-1,OR,2013,OR_2013,57.53
MST412-3,OR,2013,OR_2013,76.7
MST412-3,OR,2013,OR_2013,99.07
MST441-1,OR,2013,OR_2013,57.53
MSU245-1,OR,2013,OR_2013,83.09
MSV030-4,OR,2013,OR_2013,67.11
MSV241-2,OR,2013,OR_2013,79.9
MSV358-3,OR,2013,OR_2013,83.09
MSV380-1,OR,2013,OR_2013,57.53
MSV394-3,OR,2013,OR_2013,63.92
MSV498-1,OR,2013,OR_2013,95.88
MSV505-2,OR,2013,OR_2013,54.33
MSW068-4,OR,2013,OR_2013,76.7
MSW075-1,OR,2013,OR_2013,86.29
MSW123-3,OR,2013,OR_2013,73.5
MSW252-2,OR,2013,OR_2013,60.72
MSW259-6,OR,2013,OR_2013,111.85
MSW293-1,OR,2013,OR_2013,57.53
MSW299-2,OR,2013,OR_2013,70.31
MSW326-6,OR,2013,OR_2013,63.92
MSW450-1,OR,2013,OR_2013,44.74
MSW474-1,OR,2013,OR_2013,95.88
MSW485-2,OR,2013,OR_2013,99.07
MSW500-4,OR,2013,OR_2013,54.33
MSW501-5,OR,2013,OR_2013,73.5
MSW509-5,OR,2013,OR_2013,89.48
NDA081453CAB-2C,OR,2013,OR_2013,76.7
NDTX060700C-1W,OR,2013,OR_2013,35.15
NDTX071109C-1W,OR,2013,OR_2013,67.11
NDTX091908AB-2W,OR,2013,OR_2013,63.92
NY152,OR,2013,OR_2013,83.09
NY152,OR,2013,OR_2013,95.88
NY153,OR,2013,OR_2013,54.33
NY153,OR,2013,OR_2013,89.48
NY156,OR,2013,OR_2013,79.9
NY156,OR,2013,OR_2013,83.09
NYJ112-2,OR,2013,OR_2013,54.33
NYJ112-2,OR,2013,OR_2013,63.92
NYJ2-29,OR,2013,OR_2013,76.7
NYJ2-29,OR,2013,OR_2013,83.09
NYWJ11-5,OR,2013,OR_2013,86.29
Snowden,OR,2013,OR_2013,83.09
Snowden,OR,2013,OR_2013,86.29
Snowden,OR,2013,OR_2013,102.27
TX09396-1W,OR,2013,OR_2013,63.92
W6822-3,OR,2013,OR_2013,76.7
W6822-3,OR,2013,OR_2013,92.68
W8587-4,OR,2013,OR_2013,54.33
W8603-1,OR,2013,OR_2013,73.5
W8603-1,OR,2013,OR_2013,79.9
W8822-1,OR,2013,OR_2013,76.7
W8822-1,OR,2013,OR_2013,83.09
W8848-3,OR,2013,OR_2013,63.92
W8848-3,OR,2013,OR_2013,73.5
W8867-5,OR,2013,OR_2013,79.9
W8867-5,OR,2013,OR_2013,83.09
W8867-7,OR,2013,OR_2013,63.92
W8867-7,OR,2013,OR_2013,67.11
W9200-13,OR,2013,OR_2013,70.31
W9200-13,OR,2013,OR_2013,70.31
W9200-7,OR,2013,OR_2013,67.11
W9202-2,OR,2013,OR_2013,73.5
W9252-7,OR,2013,OR_2013,73.5
W9252-7,OR,2013,OR_2013,76.7
W9285-3Y,OR,2013,OR_2013,67.11
W9306-1,OR,2013,OR_2013,70.31
W9306-1,OR,2013,OR_2013,76.7
W9577-6Y,OR,2013,OR_2013,131.03
W9632-1,OR,2013,OR_2013,60.72
W9632-1,OR,2013,OR_2013,63.92
W9652-1,OR,2013,OR_2013,76.7
W9652-1,OR,2013,OR_2013,79.9
A00188-3C,OR,2014,OR_2014,100.67
A00188-3C,OR,2014,OR_2014,108.02
A01143-3C,OR,2014,OR_2014,101.63
A01143-3C,OR,2014,OR_2014,125.6
AF4442-4,OR,2014,OR_2014,75.42
AF4442-4,OR,2014,OR_2014,76.06
AF4552-5,OR,2014,OR_2014,114.73
AF4552-5,OR,2014,OR_2014,128.79
AF4648-2,OR,2014,OR_2014,94.6
AF4648-2,OR,2014,OR_2014,94.6
AF4971-3,OR,2014,OR_2014,108.98
AF4975-3,OR,2014,OR_2014,85.33
AF4975-3,OR,2014,OR_2014,101.63
AF5033-13,OR,2014,OR_2014,81.17
AF5039-11,OR,2014,OR_2014,28.44
AF5039-15,OR,2014,OR_2014,54.65
AF5040-8,OR,2014,OR_2014,89.8
AF5040-8,OR,2014,OR_2014,129.43
AF5044-21,OR,2014,OR_2014,52.41
AF5142-1,OR,2014,OR_2014,89.16
AF5152-2,OR,2014,OR_2014,90.76
AF5152-2,OR,2014,OR_2014,94.28
AF5152-3,OR,2014,OR_2014,71.59
AF5153-11,OR,2014,OR_2014,79.58
AF5280-2,OR,2014,OR_2014,94.6
AF5281-4,OR,2014,OR_2014,40.59
AF5292-4,OR,2014,OR_2014,69.35
AF5332-2,OR,2014,OR_2014,71.91
AF5386-4,OR,2014,OR_2014,66.79
AF5387-6,OR,2014,OR_2014,102.27
AF5392-8,OR,2014,OR_2014,58.48
AF5425-6,OR,2014,OR_2014,57.53
AF5426-3,OR,2014,OR_2014,85.01
AF5432-5,OR,2014,OR_2014,135.18
AF5445-4,OR,2014,OR_2014,113.45
AF5446-11,OR,2014,OR_2014,50.49
AF5447-10,OR,2014,OR_2014,45.06
AFW5039-1,OR,2014,OR_2014,130.07
Atlantic,OR,2014,OR_2014,87.25
Atlantic,OR,2014,OR_2014,87.25
Atlantic,OR,2014,OR_2014,108.34
Atlantic,OR,2014,OR_2014,108.34
Atlantic,OR,2014,OR_2014,109.62
B2827-12,OR,2014,OR_2014,71.91
B2842-1,OR,2014,OR_2014,139.98
B2842-1,OR,2014,OR_2014,150.2
B2869-20,OR,2014,OR_2014,60.08
B2869-20,OR,2014,OR_2014,71.27
B2869-29,OR,2014,OR_2014,72.23
B2869-29,OR,2014,OR_2014,149.57
B2883-11,OR,2014,OR_2014,60.08
B2883-11,OR,2014,OR_2014,82.13
B2890-11,OR,2014,OR_2014,70.95
B2895-8,OR,2014,OR_2014,74.14
B2895-8,OR,2014,OR_2014,121.12
B2904-2,OR,2014,OR_2014,109.3
B2904-2,OR,2014,OR_2014,125.92
B2908-3,OR,2014,OR_2014,67.11
B2936-2,OR,2014,OR_2014,78.3
B2936-2,OR,2014,OR_2014,100.99
B2947-4,OR,2014,OR_2014,87.57
B2947-4,OR,2014,OR_2014,97.15
B2947-8,OR,2014,OR_2014,62.32
B2947-8,OR,2014,OR_2014,139.02
B2950-2,OR,2014,OR_2014,62
B2950-2,OR,2014,OR_2014,102.59
B2950-3,OR,2014,OR_2014,83.41
B2950-3,OR,2014,OR_2014,87.89
B2960-4,OR,2014,OR_2014,85.33
B2960-4,OR,2014,OR_2014,128.79
B2971-2,OR,2014,OR_2014,106.74
B2981-3,OR,2014,OR_2014,66.15
B2981-5,OR,2014,OR_2014,93
B2993-6,OR,2014,OR_2014,51.13
B2996-1,OR,2014,OR_2014,76.06
B2999-6,OR,2014,OR_2014,49.22
B3000-1,OR,2014,OR_2014,92.68
B3002-1,OR,2014,OR_2014,97.79
B3003-1,OR,2014,OR_2014,44.74
B3003-10,OR,2014,OR_2014,79.26
B3005-7,OR,2014,OR_2014,83.41
B3005-9,OR,2014,OR_2014,77.34
B3012-3,OR,2014,OR_2014,80.22
B3012-7,OR,2014,OR_2014,50.17
B3015-1,OR,2014,OR_2014,87.89
BNC311-4,OR,2014,OR_2014,52.41
BNC311-4,OR,2014,OR_2014,108.34
BNC366-1,OR,2014,OR_2014,80.54
BNC371-2,OR,2014,OR_2014,100.99
CO05061-6W,OR,2014,OR_2014,79.9
CO05061-6W,OR,2014,OR_2014,99.07
CO07070-10W,OR,2014,OR_2014,89.16
CO07070-13W,OR,2014,OR_2014,86.93
Lamoka,OR,2014,OR_2014,74.14
Lamoka,OR,2014,OR_2014,83.41
Lamoka,OR,2014,OR_2014,96.83
Lamoka,OR,2014,OR_2014,97.15
MSM246-B,OR,2014,OR_2014,82.13
MSM246-B,OR,2014,OR_2014,95.88
MSQ089-1,OR,2014,OR_2014,65.2
MSQ089-1,OR,2014,OR_2014,75.1
MSR061-1,OR,2014,OR_2014,95.24
MSR061-1,OR,2014,OR_2014,133.27
MSR127-2,OR,2014,OR_2014,83.09
MSR127-2,OR,2014,OR_2014,84.69
MSS428-2,OR,2014,OR_2014,110.26
MSS428-2,OR,2014,OR_2014,145.09
MST184-3,OR,2014,OR_2014,59.44
MST184-3,OR,2014,OR_2014,84.69
MST186-1Y,OR,2014,OR_2014,92.36
MST186-1Y,OR,2014,OR_2014,113.45
MST191-2Y,OR,2014,OR_2014,85.97
MST191-2Y,OR,2014,OR_2014,131.03
MST229-1,OR,2014,OR_2014,82.77
MSU245-1,OR,2014,OR_2014,128.15
MSV030-4,OR,2014,OR_2014,59.44
MSV030-4,OR,2014,OR_2014,65.2
MSV093-1,OR,2014,OR_2014,171.94
MSV111-1,OR,2014,OR_2014,107.7
MSV241-2,OR,2014,OR_2014,63.6
MSV241-2,OR,2014,OR_2014,105.78
MSV358-3,OR,2014,OR_2014,38.67
MSV358-3,OR,2014,OR_2014,69.67
MSV380-1,OR,2014,OR_2014,73.18
MSV394-3,OR,2014,OR_2014,83.09
MSV498-1,OR,2014,OR_2014,106.74
MSV498-1,OR,2014,OR_2014,135.5
MSV505-2,OR,2014,OR_2014,60.08
MSV507-007,OR,2014,OR_2014,100.67
MSV507-094,OR,2014,OR_2014,70.95
MSV507-100,OR,2014,OR_2014,122.08
MSV507-128,OR,2014,OR_2014,61.68
MSV507-143,OR,2014,OR_2014,99.39
MSV507-146,OR,2014,OR_2014,95.24
MSV507-198,OR,2014,OR_2014,92.36
MSW075-1,OR,2014,OR_2014,85.65
MSW138-2,OR,2014,OR_2014,107.7
MSW168-2,OR,2014,OR_2014,104.18
MSW259-6,OR,2014,OR_2014,99.07
MSW259-6,OR,2014,OR_2014,103.23
MSW293-1,OR,2014,OR_2014,110.26
MSW474-1,OR,2014,OR_2014,142.85
MSW485-2,OR,2014,OR_2014,115.69
MSW485-2,OR,2014,OR_2014,120.8
MSX150-1,OR,2014,OR_2014,163.31
MSX240-3,OR,2014,OR_2014,93.96
MSX245-2Y,OR,2014,OR_2014,150.84
MSX540-4,OR,2014,OR_2014,89.48
MSX542-2,OR,2014,OR_2014,128.15
NC302-12,OR,2014,OR_2014,62.96
NC311-9,OR,2014,OR_2014,118.25
NC317-12,OR,2014,OR_2014,56.57
NCJ100-7,OR,2014,OR_2014,96.19
NCJ106-2,OR,2014,OR_2014,85.97
NCJ107-6,OR,2014,OR_2014,123.04
ND7799c-1,OR,2014,OR_2014,103.86
ND7799c-1,OR,2014,OR_2014,107.06
NDA081453CAB-2C,OR,2014,OR_2014,54.33
NDTX060700C-1W,OR,2014,OR_2014,11.82
NDTX060700C-1W,OR,2014,OR_2014,18.22
NDTX071109C-1W,OR,2014,OR_2014,56.89
NDTX091908AB-2W,OR,2014,OR_2014,57.84
NDTX091908AB-2W,OR,2014,OR_2014,72.55
NDTX102557-1W,OR,2014,OR_2014,48.9
NY152,OR,2014,OR_2014,131.03
NY152,OR,2014,OR_2014,141.26
NY154,OR,2014,OR_2014,150.84
NY156,OR,2014,OR_2014,98.75
NY156,OR,2014,OR_2014,100.67
NY158,OR,2014,OR_2014,143.49
NY162,OR,2014,OR_2014,112.49
NYJ112-2,OR,2014,OR_2014,72.87
NYJ112-2,OR,2014,OR_2014,117.93
NYK27-1,OR,2014,OR_2014,100.99
NYK27-3,OR,2014,OR_2014,107.38
NYK28-18,OR,2014,OR_2014,124
NYWJ11-5,OR,2014,OR_2014,98.75
NYWJ11-5,OR,2014,OR_2014,132.63
Snowden,OR,2014,OR_2014,101.95
Snowden,OR,2014,OR_2014,114.41
Snowden,OR,2014,OR_2014,114.41
Snowden,OR,2014,OR_2014,134.55
Snowden,OR,2014,OR_2014,134.55
TX09396-1W,OR,2014,OR_2014,94.92
TX09396-1W,OR,2014,OR_2014,96.19
TX09403-14W,OR,2014,OR_2014,72.55
W6822-3,OR,2014,OR_2014,77.34
W6822-3,OR,2014,OR_2014,109.3
W9200-13,OR,2014,OR_2014,82.13
W9200-13,OR,2014,OR_2014,99.07
W9306-1,OR,2014,OR_2014,67.75
W9306-1,OR,2014,OR_2014,73.5
W9827-7Y,OR,2014,OR_2014,74.46
W9871-4,OR,2014,OR_2014,112.49
W9871-6,OR,2014,OR_2014,120.48
W9874-3,OR,2014,OR_2014,114.09
W9891-1,OR,2014,OR_2014,110.9
W9905-3,OR,2014,OR_2014,54.01
W9905-6,OR,2014,OR_2014,66.15
W9905-7,OR,2014,OR_2014,71.91
W9922-5,OR,2014,OR_2014,96.51
W9967-16,OR,2014,OR_2014,44.74
W9967-4,OR,2014,OR_2014,60.4
W9967-5,OR,2014,OR_2014,92.68
W9968-2,OR,2014,OR_2014,76.7
W9968-3,OR,2014,OR_2014,100.03
W9968-5,OR,2014,OR_2014,109.62
A00188-3C,OR,2015,OR_2015,89.48
A00188-3C,OR,2015,OR_2015,91.4
A01143-3C,OR,2015,OR_2015,113.13
A01143-3C,OR,2015,OR_2015,152.76
AF4648-2,OR,2015,OR_2015,94.6
AF4648-2,OR,2015,OR_2015,95.56
AF5033-13,OR,2015,OR_2015,47.62
AF5033-13,OR,2015,OR_2015,77.02
AF5040-8,OR,2015,OR_2015,98.11
AF5040-8,OR,2015,OR_2015,100.35
AF5153-11,OR,2015,OR_2015,89.48
AF5153-11,OR,2015,OR_2015,97.15
AF5281-4,OR,2015,OR_2015,57.53
AF5281-4,OR,2015,OR_2015,68.07
AF5392-8,OR,2015,OR_2015,88.21
AF5393-1,OR,2015,OR_2015,85.97
AF5432-5,OR,2015,OR_2015,70.31
AF5432-5,OR,2015,OR_2015,79.58
AF5445-2,OR,2015,OR_2015,95.88
AF5446-11,OR,2015,OR_2015,91.72
AF5446-11,OR,2015,OR_2015,91.72
AF5450-7,OR,2015,OR_2015,124.96
AF5484-3,OR,2015,OR_2015,93.64
AF5583-3,OR,2015,OR_2015,88.84
AFW5039-1,OR,2015,OR_2015,98.75
AFW5039-1,OR,2015,OR_2015,158.51
AOR09034-3,OR,2015,OR_2015,139.66
Atlantic,OR,2015,OR_2015,101.95
Atlantic,OR,2015,OR_2015,104.82
Atlantic,OR,2015,OR_2015,144.45
Atlantic,OR,2015,OR_2015,150.52
B2842-1,OR,2015,OR_2015,150.84
B2842-1,OR,2015,OR_2015,155.64
B2869-29,OR,2015,OR_2015,79.9
B2869-29,OR,2015,OR_2015,82.77
B2895-8,OR,2015,OR_2015,85.33
B2895-8,OR,2015,OR_2015,86.29
B2904-2,OR,2015,OR_2015,107.06
B2904-2,OR,2015,OR_2015,112.17
B2947-8,OR,2015,OR_2015,80.85
B2947-8,OR,2015,OR_2015,121.12
B2950-2,OR,2015,OR_2015,85.97
B2950-2,OR,2015,OR_2015,92.36
B2950-3,OR,2015,OR_2015,56.57
B2950-3,OR,2015,OR_2015,59.76
B2981-5,OR,2015,OR_2015,50.49
B2981-5,OR,2015,OR_2015,101.63
B3000-1,OR,2015,OR_2015,52.73
B3000-1,OR,2015,OR_2015,77.34
B3005-7,OR,2015,OR_2015,92.04
B3005-7,OR,2015,OR_2015,109.3
B3012-1,OR,2015,OR_2015,123.36
BNC311-4,OR,2015,OR_2015,66.47
BNC311-4,OR,2015,OR_2015,77.34
BNC366-1,OR,2015,OR_2015,55.61
BNC366-1,OR,2015,OR_2015,63.28
BNC371-2,OR,2015,OR_2015,108.66
BNC371-2,OR,2015,OR_2015,111.54
CO07070-10W,OR,2015,OR_2015,80.22
CO07070-10W,OR,2015,OR_2015,83.09
CO07070-13W,OR,2015,OR_2015,77.02
CO07070-13W,OR,2015,OR_2015,83.09
Lamoka,OR,2015,OR_2015,74.46
Lamoka,OR,2015,OR_2015,91.08
Lamoka,OR,2015,OR_2015,116.33
MSS428-2,OR,2015,OR_2015,110.26
MSS428-2,OR,2015,OR_2015,124.64
MST191-2Y,OR,2015,OR_2015,112.81
MST191-2Y,OR,2015,OR_2015,116.33
MSV030-4,OR,2015,OR_2015,61.04
MSV030-4,OR,2015,OR_2015,74.78
MSV241-2,OR,2015,OR_2015,108.66
MSV241-2,OR,2015,OR_2015,119.21
MSV358-3,OR,2015,OR_2015,99.07
MSV358-3,OR,2015,OR_2015,126.88
MSV380-1,OR,2015,OR_2015,67.75
MSV498-1,OR,2015,OR_2015,81.49
MSV498-1,OR,2015,OR_2015,106.74
MSW075-1,OR,2015,OR_2015,144.45
MSW168-2,OR,2015,OR_2015,116.01
MSW299-2,OR,2015,OR_2015,92.04
MSW485-2,OR,2015,OR_2015,129.75
MSW509-5,OR,2015,OR_2015,58.8
MSW509-5,OR,2015,OR_2015,79.9
MSX240-3,OR,2015,OR_2015,73.5
MSX540-4,OR,2015,OR_2015,114.41
MSX540-4,OR,2015,OR_2015,121.76
MSZ222-19,OR,2015,OR_2015,62.32
NC252-49,OR,2015,OR_2015,94.28
NC317-12,OR,2015,OR_2015,112.49
NC317-12,OR,2015,OR_2015,123.68
NC371-3,OR,2015,OR_2015,80.54
ND113394CAB-7,OR,2015,OR_2015,33.56
NDA081453CAB-2C,OR,2015,OR_2015,84.69
NDA081453CAB-2C,OR,2015,OR_2015,92.68
NDTX071109C-1W,OR,2015,OR_2015,47.62
NDTX071109C-1W,OR,2015,OR_2015,85.01
NY154,OR,2015,OR_2015,126.88
NY154,OR,2015,OR_2015,131.35
NY162,OR,2015,OR_2015,112.49
NY162,OR,2015,OR_2015,140.94
NYK27-3,OR,2015,OR_2015,140.62
NYK27-3,OR,2015,OR_2015,186.32
NYK28-18,OR,2015,OR_2015,113.13
NYK28-18,OR,2015,OR_2015,126.56
NYL17-3,OR,2015,OR_2015,78.94
NYL2-12,OR,2015,OR_2015,103.23
NYL7-2,OR,2015,OR_2015,124
NYL8-12,OR,2015,OR_2015,128.47
Pike,OR,2015,OR_2015,75.74
Pike,OR,2015,OR_2015,85.01
Pike,OR,2015,OR_2015,89.8
Snowden,OR,2015,OR_2015,84.69
Snowden,OR,2015,OR_2015,126.88
Snowden,OR,2015,OR_2015,153.72
Snowden,OR,2015,OR_2015,164.91
TX09403-14W,OR,2015,OR_2015,69.35
TX09403-14W,OR,2015,OR_2015,97.47
W10128-1,OR,2015,OR_2015,124.96
W10129-4,OR,2015,OR_2015,62
W9891-1,OR,2015,OR_2015,104.5
W9891-1,OR,2015,OR_2015,108.34
W9905-3,OR,2015,OR_2015,39.95
W9905-3,OR,2015,OR_2015,44.74
W9905-7,OR,2015,OR_2015,54.65
W9905-7,OR,2015,OR_2015,79.58
W9968-5,OR,2015,OR_2015,122.72
W9968-5,OR,2015,OR_2015,137.42
A00188-3C,WI,2012,WI_2012,62.13
A00188-3C,WI,2012,WI_2012,78.85
A01143-3C,WI,2012,WI_2012,64.52
A01143-3C,WI,2012,WI_2012,69.3
A03440-2C,WI,2012,WI_2012,74.07
A07117-2C,WI,2012,WI_2012,40.62
AC00206-2W,WI,2012,WI_2012,40.62
AC00206-2W,WI,2012,WI_2012,40.62
AC01151-5W,WI,2012,WI_2012,57.35
AC01151-5W,WI,2012,WI_2012,74.07
AC03452-2W,WI,2012,WI_2012,76.46
AC03452-2W,WI,2012,WI_2012,95.58
AC05153-1W,WI,2012,WI_2012,47.79
AC05153-1W,WI,2012,WI_2012,47.79
Accumulator,WI,2012,WI_2012,66.91
Accumulator,WI,2012,WI_2012,102.75
AF4157-6,WI,2012,WI_2012,57.35
AF4157-6,WI,2012,WI_2012,64.52
AF4442-4,WI,2012,WI_2012,64.52
AF4552-5,WI,2012,WI_2012,62.13
AF4573-2,WI,2012,WI_2012,54.96
AF4640-1,WI,2012,WI_2012,71.68
AF4648-2,WI,2012,WI_2012,57.35
AF4648-2,WI,2012,WI_2012,66.91
AF4736-10,WI,2012,WI_2012,66.91
AF4740-1,WI,2012,WI_2012,69.3
AF4747-5,WI,2012,WI_2012,43.01
AF4971-3,WI,2012,WI_2012,57.35
AF4975-3,WI,2012,WI_2012,54.96
Atlantic,WI,2012,WI_2012,69.3
Atlantic,WI,2012,WI_2012,69.3
Atlantic,WI,2012,WI_2012,71.68
Atlantic,WI,2012,WI_2012,81.24
CO00270-7W,WI,2012,WI_2012,45.4
CO00270-7W,WI,2012,WI_2012,47.79
CO02024-9W,WI,2012,WI_2012,64.52
CO02024-9W,WI,2012,WI_2012,76.46
CO02033-1W,WI,2012,WI_2012,45.4
CO02033-1W,WI,2012,WI_2012,66.91
CO03243-3W,WI,2012,WI_2012,64.52
CO03243-3W,WI,2012,WI_2012,69.3
CO05061-2P,WI,2012,WI_2012,54.96
CO05061-2P,WI,2012,WI_2012,64.52
CO05061-6W,WI,2012,WI_2012,47.79
CO05061-6W,WI,2012,WI_2012,57.35
Lelah,WI,2012,WI_2012,35.84
Lelah,WI,2012,WI_2012,52.57
Lelah,WI,2012,WI_2012,62.13
Lelah,WI,2012,WI_2012,62.13
Lelah,WI,2012,WI_2012,64.52
Manistee,WI,2012,WI_2012,57.35
Manistee,WI,2012,WI_2012,62.13
MegaChip,WI,2012,WI_2012,71.68
MegaChip,WI,2012,WI_2012,76.46
MSH228-6,WI,2012,WI_2012,76.46
MSH228-6,WI,2012,WI_2012,76.46
MSL007-B,WI,2012,WI_2012,52.57
MSL007-B,WI,2012,WI_2012,59.74
MSM246-B,WI,2012,WI_2012,38.23
MSM246-B,WI,2012,WI_2012,52.57
MSP239-1,WI,2012,WI_2012,52.57
MSP270-1,WI,2012,WI_2012,50.18
MSQ035-3,WI,2012,WI_2012,57.35
MSQ035-3,WI,2012,WI_2012,64.52
MSQ086-3,WI,2012,WI_2012,83.63
MSQ086-3,WI,2012,WI_2012,90.8
MSQ089-1,WI,2012,WI_2012,59.74
MSQ089-1,WI,2012,WI_2012,62.13
MSQ492-2,WI,2012,WI_2012,64.52
MSR036-5,WI,2012,WI_2012,50.18
MSR036-5,WI,2012,WI_2012,52.57
MSR058-1,WI,2012,WI_2012,66.91
MSR058-1,WI,2012,WI_2012,74.07
MSR127-2,WI,2012,WI_2012,76.46
MSR127-2,WI,2012,WI_2012,95.58
MSR128-4Y,WI,2012,WI_2012,57.35
MSR128-4Y,WI,2012,WI_2012,57.35
MSR148-4,WI,2012,WI_2012,59.74
MSR148-4,WI,2012,WI_2012,66.91
MSR157-1Y,WI,2012,WI_2012,35.84
MSR157-1Y,WI,2012,WI_2012,54.96
MSR169-8Y,WI,2012,WI_2012,57.35
MSR169-8Y,WI,2012,WI_2012,62.13
MSS108-1,WI,2012,WI_2012,59.74
MSS165-2Y,WI,2012,WI_2012,74.07
MSS165-2Y,WI,2012,WI_2012,76.46
MSS297-3,WI,2012,WI_2012,35.84
MSS297-3,WI,2012,WI_2012,43.01
MSS428-2,WI,2012,WI_2012,69.3
MST096-2Y,WI,2012,WI_2012,59.74
MST184-3,WI,2012,WI_2012,43.01
MST186-1Y,WI,2012,WI_2012,69.3
MST229-1,WI,2012,WI_2012,59.74
MST412-3,WI,2012,WI_2012,52.57
MSW163-3,WI,2012,WI_2012,40.62
MSW293-1,WI,2012,WI_2012,50.18
MSW450-1,WI,2012,WI_2012,38.23
NDA081453CAB-2C,WI,2012,WI_2012,59.74
Nicolet,WI,2012,WI_2012,71.68
Nicolet,WI,2012,WI_2012,86.02
NY148,WI,2012,WI_2012,71.68
NY148,WI,2012,WI_2012,93.19
NY152,WI,2012,WI_2012,59.74
NY152,WI,2012,WI_2012,74.07
NY153,WI,2012,WI_2012,54.96
NY153,WI,2012,WI_2012,74.07
NY154,WI,2012,WI_2012,69.3
NY154,WI,2012,WI_2012,74.07
NY156,WI,2012,WI_2012,71.68
NYJ112-2,WI,2012,WI_2012,54.96
NYJ15-7,WI,2012,WI_2012,88.41
NYJ2-29,WI,2012,WI_2012,59.74
Snowden,WI,2012,WI_2012,71.68
Snowden,WI,2012,WI_2012,71.68
Snowden,WI,2012,WI_2012,86.02
Snowden,WI,2012,WI_2012,88.41
Snowden,WI,2012,WI_2012,95.58
Superior,WI,2012,WI_2012,64.52
Superior,WI,2012,WI_2012,66.91
Superior,WI,2012,WI_2012,71.68
W8539-2Y,WI,2012,WI_2012,66.91
W8539-2Y,WI,2012,WI_2012,78.85
W8615-5,WI,2012,WI_2012,71.68
W8615-5,WI,2012,WI_2012,74.07
W8822-1,WI,2012,WI_2012,69.3
W8822-1,WI,2012,WI_2012,69.3
W8832-1Y,WI,2012,WI_2012,50.18
W8832-1Y,WI,2012,WI_2012,64.52
W8867-5,WI,2012,WI_2012,59.74
W8867-5,WI,2012,WI_2012,64.52
W8867-7,WI,2012,WI_2012,38.23
W8867-7,WI,2012,WI_2012,40.62
W9200-13,WI,2012,WI_2012,64.52
W9252-7,WI,2012,WI_2012,45.4
W9281-14,WI,2012,WI_2012,52.57
W9301-5,WI,2012,WI_2012,57.35
W9304-2,WI,2012,WI_2012,35.84
W9306-1,WI,2012,WI_2012,54.96
WhitePearl,WI,2012,WI_2012,52.57
WhitePearl,WI,2012,WI_2012,52.57
WhitePearl,WI,2012,WI_2012,52.57
WhitePearl,WI,2012,WI_2012,54.96
A00188-3C,WI,2013,WI_2013,54.96
A00188-3C,WI,2013,WI_2013,62.13
A01143-3C,WI,2013,WI_2013,86.02
A01143-3C,WI,2013,WI_2013,86.02
Accumulator,WI,2013,WI_2013,88.41
Accumulator,WI,2013,WI_2013,88.41
AF4157-6,WI,2013,WI_2013,45.4
AF4157-6,WI,2013,WI_2013,50.18
AF4552-5,WI,2013,WI_2013,62.13
AF4552-5,WI,2013,WI_2013,64.52
AF4573-2,WI,2013,WI_2013,47.79
AF4573-2,WI,2013,WI_2013,64.52
AF4648-2,WI,2013,WI_2013,47.79
AF4648-2,WI,2013,WI_2013,59.74
AF4736-10,WI,2013,WI_2013,45.4
AF4740-1,WI,2013,WI_2013,54.96
AF4747-5,WI,2013,WI_2013,43.01
AF4971-3,WI,2013,WI_2013,54.96
AF4975-3,WI,2013,WI_2013,54.96
AF5038-1,WI,2013,WI_2013,43.01
AF5038-6,WI,2013,WI_2013,50.18
AF5040-8,WI,2013,WI_2013,69.3
AF5081-4,WI,2013,WI_2013,62.13
AF5138-2,WI,2013,WI_2013,54.96
AF5142-3,WI,2013,WI_2013,43.01
AF5152-2,WI,2013,WI_2013,47.79
AF5152-3,WI,2013,WI_2013,50.18
AF5320-1,WI,2013,WI_2013,62.13
Atlantic,WI,2013,WI_2013,71.68
Atlantic,WI,2013,WI_2013,86.02
B2842-1,WI,2013,WI_2013,52.57
B2869-15,WI,2013,WI_2013,50.18
B2869-20,WI,2013,WI_2013,45.4
B2869-29,WI,2013,WI_2013,54.96
B2883-11,WI,2013,WI_2013,45.4
B2895-8,WI,2013,WI_2013,62.13
B2904-2,WI,2013,WI_2013,74.07
B2936-2,WI,2013,WI_2013,64.52
B2947-4,WI,2013,WI_2013,47.79
B2947-8,WI,2013,WI_2013,59.74
B2950-2,WI,2013,WI_2013,47.79
B2950-3,WI,2013,WI_2013,62.13
B2960-4,WI,2013,WI_2013,66.91
BNC311-4,WI,2013,WI_2013,62.13
BNC313-3,WI,2013,WI_2013,45.4
BNC317-8,WI,2013,WI_2013,62.13
CO02024-9W,WI,2013,WI_2013,59.74
CO02024-9W,WI,2013,WI_2013,74.07
CO02033-1W,WI,2013,WI_2013,54.96
CO02033-1W,WI,2013,WI_2013,69.3
CO05061-2P,WI,2013,WI_2013,52.57
CO05061-2P,WI,2013,WI_2013,54.96
CO05061-6W,WI,2013,WI_2013,47.79
CO05061-6W,WI,2013,WI_2013,57.35
Hodag,WI,2013,WI_2013,54.96
Hodag,WI,2013,WI_2013,76.46
Lamoka,WI,2013,WI_2013,54.96
Lamoka,WI,2013,WI_2013,54.96
Lamoka,WI,2013,WI_2013,59.74
Lelah,WI,2013,WI_2013,45.4
Lelah,WI,2013,WI_2013,47.79
Lelah,WI,2013,WI_2013,64.52
Manistee,WI,2013,WI_2013,50.18
Manistee,WI,2013,WI_2013,62.13
MSK061-4,WI,2013,WI_2013,81.24
MSK061-4,WI,2013,WI_2013,93.19
MSL007-B,WI,2013,WI_2013,52.57
MSL007-B,WI,2013,WI_2013,62.13
MSM246-B,WI,2013,WI_2013,57.35
MSM246-B,WI,2013,WI_2013,57.35
MSN190-2,WI,2013,WI_2013,38.23
MSN190-2,WI,2013,WI_2013,52.57
MSQ086-3,WI,2013,WI_2013,69.3
MSQ086-3,WI,2013,WI_2013,88.41
MSQ089-1,WI,2013,WI_2013,66.91
MSQ089-1,WI,2013,WI_2013,88.41
MSR058-1,WI,2013,WI_2013,54.96
MSR058-1,WI,2013,WI_2013,59.74
MSR061-1,WI,2013,WI_2013,54.96
MSR061-1,WI,2013,WI_2013,57.35
MSR127-2,WI,2013,WI_2013,62.13
MSR127-2,WI,2013,WI_2013,86.02
MSR128-4Y,WI,2013,WI_2013,62.13
MSR128-4Y,WI,2013,WI_2013,69.3
MSR157-1Y,WI,2013,WI_2013,40.62
MSR157-1Y,WI,2013,WI_2013,50.18
MSR169-8Y,WI,2013,WI_2013,59.74
MSR169-8Y,WI,2013,WI_2013,59.74
MSS428-2,WI,2013,WI_2013,59.74
MSS428-2,WI,2013,WI_2013,81.24
MST096-2Y,WI,2013,WI_2013,54.96
MST096-2Y,WI,2013,WI_2013,54.96
MST154-3,WI,2013,WI_2013,57.35
MST184-3,WI,2013,WI_2013,47.79
MST184-3,WI,2013,WI_2013,50.18
MST186-1Y,WI,2013,WI_2013,69.3
MST186-1Y,WI,2013,WI_2013,74.07
MST191-2Y,WI,2013,WI_2013,97.97
MST229-1,WI,2013,WI_2013,57.35
MST412-3,WI,2013,WI_2013,52.57
MST412-3,WI,2013,WI_2013,86.02
MST441-1,WI,2013,WI_2013,57.35
MSU245-1,WI,2013,WI_2013,50.18
MSV030-4,WI,2013,WI_2013,54.96
MSV241-2,WI,2013,WI_2013,66.91
MSV358-3,WI,2013,WI_2013,40.62
MSV380-1,WI,2013,WI_2013,52.57
MSV394-3,WI,2013,WI_2013,57.35
MSV498-1,WI,2013,WI_2013,64.52
MSV505-2,WI,2013,WI_2013,66.91
MSW068-4,WI,2013,WI_2013,59.74
MSW075-1,WI,2013,WI_2013,57.35
MSW123-3,WI,2013,WI_2013,76.46
MSW252-2,WI,2013,WI_2013,50.18
MSW259-6,WI,2013,WI_2013,93.19
MSW293-1,WI,2013,WI_2013,52.57
MSW299-2,WI,2013,WI_2013,69.3
MSW326-6,WI,2013,WI_2013,47.79
MSW450-1,WI,2013,WI_2013,54.96
MSW474-1,WI,2013,WI_2013,57.35
MSW485-2,WI,2013,WI_2013,83.63
MSW500-4,WI,2013,WI_2013,45.4
MSW501-5,WI,2013,WI_2013,69.3
MSW509-5,WI,2013,WI_2013,86.02
NDA081453CAB-2C,WI,2013,WI_2013,78.85
NDTX060700C-1W,WI,2013,WI_2013,23.89
NDTX071109C-1W,WI,2013,WI_2013,47.79
NDTX091908AB-2W,WI,2013,WI_2013,64.52
NY152,WI,2013,WI_2013,86.02
NY152,WI,2013,WI_2013,88.41
NY153,WI,2013,WI_2013,45.4
NY153,WI,2013,WI_2013,81.24
NY156,WI,2013,WI_2013,57.35
NY156,WI,2013,WI_2013,62.13
NYJ112-2,WI,2013,WI_2013,50.18
NYJ112-2,WI,2013,WI_2013,59.74
NYJ2-29,WI,2013,WI_2013,62.13
NYJ2-29,WI,2013,WI_2013,64.52
NYWJ11-5,WI,2013,WI_2013,62.13
Snowden,WI,2013,WI_2013,54.96
Snowden,WI,2013,WI_2013,64.52
Snowden,WI,2013,WI_2013,69.3
TX09396-1W,WI,2013,WI_2013,74.07
W6822-3,WI,2013,WI_2013,54.96
W6822-3,WI,2013,WI_2013,59.74
W8587-4,WI,2013,WI_2013,31.06
W8603-1,WI,2013,WI_2013,47.79
W8603-1,WI,2013,WI_2013,62.13
W8822-1,WI,2013,WI_2013,69.3
W8822-1,WI,2013,WI_2013,76.46
W8848-3,WI,2013,WI_2013,33.45
W8848-3,WI,2013,WI_2013,40.62
W8867-5,WI,2013,WI_2013,64.52
W8867-5,WI,2013,WI_2013,76.46
W8867-7,WI,2013,WI_2013,40.62
W8867-7,WI,2013,WI_2013,54.96
W9200-13,WI,2013,WI_2013,47.79
W9200-13,WI,2013,WI_2013,50.18
W9200-7,WI,2013,WI_2013,59.74
W9202-2,WI,2013,WI_2013,64.52
W9285-3Y,WI,2013,WI_2013,57.35
W9306-1,WI,2013,WI_2013,50.18
W9306-1,WI,2013,WI_2013,57.35
W9577-6Y,WI,2013,WI_2013,93.19
W9632-1,WI,2013,WI_2013,50.18
W9632-1,WI,2013,WI_2013,54.96
W9652-1,WI,2013,WI_2013,59.74
W9652-1,WI,2013,WI_2013,64.52
WhitePearl,WI,2013,WI_2013,62.13
WhitePearl,WI,2013,WI_2013,64.52
WhitePearl,WI,2013,WI_2013,71.68
A00188-3C,WI,2014,WI_2014,50.18
A00188-3C,WI,2014,WI_2014,66.91
A01143-3C,WI,2014,WI_2014,64.52
A01143-3C,WI,2014,WI_2014,78.85
AF4442-4,WI,2014,WI_2014,71.68
AF4442-4,WI,2014,WI_2014,83.63
AF4552-5,WI,2014,WI_2014,69.3
AF4552-5,WI,2014,WI_2014,90.8
AF4648-2,WI,2014,WI_2014,62.13
AF4648-2,WI,2014,WI_2014,64.52
AF4971-3,WI,2014,WI_2014,45.4
AF4975-3,WI,2014,WI_2014,64.52
AF4975-3,WI,2014,WI_2014,69.3
AF5033-13,WI,2014,WI_2014,47.79
AF5039-11,WI,2014,WI_2014,45.4
AF5039-15,WI,2014,WI_2014,50.18
AF5040-8,WI,2014,WI_2014,76.46
AF5040-8,WI,2014,WI_2014,86.02
AF5044-21,WI,2014,WI_2014,78.85
AF5142-1,WI,2014,WI_2014,52.57
AF5152-2,WI,2014,WI_2014,62.13
AF5152-2,WI,2014,WI_2014,64.52
AF5152-3,WI,2014,WI_2014,54.96
AF5153-11,WI,2014,WI_2014,66.91
AF5280-2,WI,2014,WI_2014,71.68
AF5281-4,WI,2014,WI_2014,64.52
AF5292-4,WI,2014,WI_2014,83.63
AF5332-2,WI,2014,WI_2014,52.57
AF5386-4,WI,2014,WI_2014,59.74
AF5387-6,WI,2014,WI_2014,45.4
AF5392-8,WI,2014,WI_2014,57.35
AF5425-6,WI,2014,WI_2014,50.18
AF5426-3,WI,2014,WI_2014,50.18
AF5432-5,WI,2014,WI_2014,93.19
AF5445-4,WI,2014,WI_2014,59.74
AF5446-11,WI,2014,WI_2014,59.74
AF5447-10,WI,2014,WI_2014,45.4
AFW5039-1,WI,2014,WI_2014,81.24
Atlantic,WI,2014,WI_2014,52.57
Atlantic,WI,2014,WI_2014,57.35
B2827-12,WI,2014,WI_2014,71.68
B2842-1,WI,2014,WI_2014,64.52
B2842-1,WI,2014,WI_2014,69.3
B2869-20,WI,2014,WI_2014,54.96
B2869-20,WI,2014,WI_2014,57.35
B2869-29,WI,2014,WI_2014,69.3
B2869-29,WI,2014,WI_2014,83.63
B2883-11,WI,2014,WI_2014,38.23
B2883-11,WI,2014,WI_2014,40.62
B2890-11,WI,2014,WI_2014,62.13
B2895-8,WI,2014,WI_2014,64.52
B2895-8,WI,2014,WI_2014,74.07
B2904-2,WI,2014,WI_2014,59.74
B2904-2,WI,2014,WI_2014,64.52
B2908-3,WI,2014,WI_2014,74.07
B2936-2,WI,2014,WI_2014,57.35
B2936-2,WI,2014,WI_2014,64.52
B2947-4,WI,2014,WI_2014,43.01
B2947-4,WI,2014,WI_2014,47.79
B2947-8,WI,2014,WI_2014,66.91
B2947-8,WI,2014,WI_2014,71.68
B2950-2,WI,2014,WI_2014,47.79
B2950-2,WI,2014,WI_2014,76.46
B2950-3,WI,2014,WI_2014,57.35
B2950-3,WI,2014,WI_2014,64.52
B2960-4,WI,2014,WI_2014,74.07
B2960-4,WI,2014,WI_2014,83.63
B2971-2,WI,2014,WI_2014,40.62
B2981-3,WI,2014,WI_2014,57.35
B2981-5,WI,2014,WI_2014,45.4
B2993-6,WI,2014,WI_2014,64.52
B2996-1,WI,2014,WI_2014,54.96
B2999-6,WI,2014,WI_2014,45.4
B3000-1,WI,2014,WI_2014,52.57
B3002-1,WI,2014,WI_2014,76.46
B3003-1,WI,2014,WI_2014,47.79
B3003-10,WI,2014,WI_2014,43.01
B3005-7,WI,2014,WI_2014,50.18
B3005-9,WI,2014,WI_2014,62.13
B3012-3,WI,2014,WI_2014,35.84
B3012-7,WI,2014,WI_2014,52.57
B3015-1,WI,2014,WI_2014,57.35
BNC311-4,WI,2014,WI_2014,62.13
BNC311-4,WI,2014,WI_2014,71.68
BNC366-1,WI,2014,WI_2014,50.18
BNC371-2,WI,2014,WI_2014,50.18
CO05061-6W,WI,2014,WI_2014,57.35
CO05061-6W,WI,2014,WI_2014,64.52
CO07070-10W,WI,2014,WI_2014,59.74
CO07070-13W,WI,2014,WI_2014,62.13
MSM246-B,WI,2014,WI_2014,54.96
MSM246-B,WI,2014,WI_2014,64.52
MSQ089-1,WI,2014,WI_2014,62.13
MSQ089-1,WI,2014,WI_2014,71.68
MSR061-1,WI,2014,WI_2014,45.4
MSR061-1,WI,2014,WI_2014,52.57
MSR127-2,WI,2014,WI_2014,62.13
MSR127-2,WI,2014,WI_2014,71.68
MSS428-2,WI,2014,WI_2014,66.91
MSS428-2,WI,2014,WI_2014,66.91
MST184-3,WI,2014,WI_2014,38.23
MST184-3,WI,2014,WI_2014,43.01
MST186-1Y,WI,2014,WI_2014,62.13
MST186-1Y,WI,2014,WI_2014,64.52
MST191-2Y,WI,2014,WI_2014,78.85
MST191-2Y,WI,2014,WI_2014,86.02
MST229-1,WI,2014,WI_2014,52.57
MSU245-1,WI,2014,WI_2014,64.52
MSV030-4,WI,2014,WI_2014,57.35
MSV030-4,WI,2014,WI_2014,59.74
MSV093-1,WI,2014,WI_2014,78.85
MSV111-1,WI,2014,WI_2014,74.07
MSV241-2,WI,2014,WI_2014,74.07
MSV358-3,WI,2014,WI_2014,64.52
MSV358-3,WI,2014,WI_2014,66.91
MSV380-1,WI,2014,WI_2014,54.96
MSV394-3,WI,2014,WI_2014,59.74
MSV498-1,WI,2014,WI_2014,71.68
MSV498-1,WI,2014,WI_2014,88.41
MSV505-2,WI,2014,WI_2014,54.96
MSV507-007,WI,2014,WI_2014,66.91
MSV507-094,WI,2014,WI_2014,57.35
MSV507-100,WI,2014,WI_2014,71.68
MSV507-128,WI,2014,WI_2014,71.68
MSV507-143,WI,2014,WI_2014,71.68
MSV507-146,WI,2014,WI_2014,59.74
MSV507-198,WI,2014,WI_2014,76.46
MSW075-1,WI,2014,WI_2014,64.52
MSW138-2,WI,2014,WI_2014,50.18
MSW168-2,WI,2014,WI_2014,66.91
MSW259-6,WI,2014,WI_2014,66.91
MSW259-6,WI,2014,WI_2014,86.02
MSW293-1,WI,2014,WI_2014,71.68
MSW474-1,WI,2014,WI_2014,74.07
MSW485-2,WI,2014,WI_2014,43.01
MSW485-2,WI,2014,WI_2014,78.85
MSX150-1,WI,2014,WI_2014,81.24
MSX240-3,WI,2014,WI_2014,74.07
MSX245-2Y,WI,2014,WI_2014,62.13
MSX540-4,WI,2014,WI_2014,74.07
MSX542-2,WI,2014,WI_2014,76.46
NC302-12,WI,2014,WI_2014,40.62
NC311-9,WI,2014,WI_2014,71.68
NC317-12,WI,2014,WI_2014,62.13
NCJ100-7,WI,2014,WI_2014,83.63
NCJ106-2,WI,2014,WI_2014,52.57
NCJ107-6,WI,2014,WI_2014,74.07
ND7799c-1,WI,2014,WI_2014,45.4
ND7799c-1,WI,2014,WI_2014,57.35
NDA081453CAB-2C,WI,2014,WI_2014,64.52
NDTX060700C-1W,WI,2014,WI_2014,16.73
NDTX060700C-1W,WI,2014,WI_2014,38.23
NDTX071109C-1W,WI,2014,WI_2014,45.4
NDTX091908AB-2W,WI,2014,WI_2014,59.74
NDTX091908AB-2W,WI,2014,WI_2014,81.24
NDTX102557-1W,WI,2014,WI_2014,54.96
NY152,WI,2014,WI_2014,81.24
NY152,WI,2014,WI_2014,93.19
NY154,WI,2014,WI_2014,97.97
NY156,WI,2014,WI_2014,52.57
NY156,WI,2014,WI_2014,71.68
NY158,WI,2014,WI_2014,97.97
NY162,WI,2014,WI_2014,64.52
NYJ112-2,WI,2014,WI_2014,66.91
NYJ112-2,WI,2014,WI_2014,66.91
NYK27-1,WI,2014,WI_2014,71.68
NYK27-3,WI,2014,WI_2014,66.91
NYK28-18,WI,2014,WI_2014,78.85
NYWJ11-5,WI,2014,WI_2014,71.68
NYWJ11-5,WI,2014,WI_2014,81.24
Snowden,WI,2014,WI_2014,66.91
Snowden,WI,2014,WI_2014,66.91
TX09396-1W,WI,2014,WI_2014,54.96
TX09396-1W,WI,2014,WI_2014,69.3
TX09403-14W,WI,2014,WI_2014,59.74
W6822-3,WI,2014,WI_2014,64.52
W6822-3,WI,2014,WI_2014,66.91
W9200-13,WI,2014,WI_2014,47.79
W9200-13,WI,2014,WI_2014,52.57
W9306-1,WI,2014,WI_2014,21.51
W9306-1,WI,2014,WI_2014,43.01
W9827-7Y,WI,2014,WI_2014,52.57
W9871-4,WI,2014,WI_2014,62.13
W9871-6,WI,2014,WI_2014,69.3
W9874-3,WI,2014,WI_2014,62.13
W9891-1,WI,2014,WI_2014,52.57
W9905-3,WI,2014,WI_2014,71.68
W9905-6,WI,2014,WI_2014,59.74
W9905-7,WI,2014,WI_2014,71.68
W9922-5,WI,2014,WI_2014,66.91
W9967-16,WI,2014,WI_2014,62.13
W9967-4,WI,2014,WI_2014,54.96
W9967-5,WI,2014,WI_2014,69.3
W9968-2,WI,2014,WI_2014,52.57
W9968-3,WI,2014,WI_2014,50.18
W9968-5,WI,2014,WI_2014,86.02
A00188-3C,WI,2015,WI_2015,68.1
A00188-3C,WI,2015,WI_2015,71.21
A01143-3C,WI,2015,WI_2015,105.14
A01143-3C,WI,2015,WI_2015,109.2
AF4648-2,WI,2015,WI_2015,63.08
AF4648-2,WI,2015,WI_2015,71.92
AF5033-13,WI,2015,WI_2015,38.71
AF5033-13,WI,2015,WI_2015,43.73
AF5040-8,WI,2015,WI_2015,68.82
AF5040-8,WI,2015,WI_2015,81
AF5153-11,WI,2015,WI_2015,61.17
AF5153-11,WI,2015,WI_2015,80.76
AF5281-4,WI,2015,WI_2015,47.07
AF5281-4,WI,2015,WI_2015,47.79
AF5392-8,WI,2015,WI_2015,64.52
AF5393-1,WI,2015,WI_2015,54.24
AF5432-5,WI,2015,WI_2015,101.08
AF5432-5,WI,2015,WI_2015,106.33
AF5445-2,WI,2015,WI_2015,103.23
AF5446-11,WI,2015,WI_2015,49.94
AF5446-11,WI,2015,WI_2015,56.87
AF5450-7,WI,2015,WI_2015,87.22
AF5484-3,WI,2015,WI_2015,74.55
AF5583-3,WI,2015,WI_2015,68.34
AFW5039-1,WI,2015,WI_2015,73.6
AFW5039-1,WI,2015,WI_2015,80.53
AOR09034-3,WI,2015,WI_2015,81.48
Atlantic,WI,2015,WI_2015,66.67
Atlantic,WI,2015,WI_2015,70.73
Atlantic,WI,2015,WI_2015,85.54
B2842-1,WI,2015,WI_2015,74.07
B2842-1,WI,2015,WI_2015,83.15
B2869-29,WI,2015,WI_2015,56.63
B2869-29,WI,2015,WI_2015,62.84
B2895-8,WI,2015,WI_2015,90.8
B2895-8,WI,2015,WI_2015,93.43
B2904-2,WI,2015,WI_2015,78.38
B2904-2,WI,2015,WI_2015,85.54
B2947-8,WI,2015,WI_2015,63.8
B2947-8,WI,2015,WI_2015,87.93
B2950-2,WI,2015,WI_2015,56.87
B2950-2,WI,2015,WI_2015,65.47
B2950-3,WI,2015,WI_2015,71.21
B2950-3,WI,2015,WI_2015,76.7
B2981-5,WI,2015,WI_2015,61.89
B2981-5,WI,2015,WI_2015,67.14
B3000-1,WI,2015,WI_2015,70.97
B3000-1,WI,2015,WI_2015,73.6
B3005-7,WI,2015,WI_2015,76.7
B3005-7,WI,2015,WI_2015,78.85
B3012-1,WI,2015,WI_2015,74.31
BNC311-4,WI,2015,WI_2015,74.31
BNC311-4,WI,2015,WI_2015,75.51
BNC366-1,WI,2015,WI_2015,62.6
BNC366-1,WI,2015,WI_2015,66.43
BNC371-2,WI,2015,WI_2015,68.34
BNC371-2,WI,2015,WI_2015,79.57
CO07070-10W,WI,2015,WI_2015,56.87
CO07070-10W,WI,2015,WI_2015,64.04
CO07070-13W,WI,2015,WI_2015,61.17
CO07070-13W,WI,2015,WI_2015,70.49
Lamoka,WI,2015,WI_2015,57.83
Lamoka,WI,2015,WI_2015,59.26
Lamoka,WI,2015,WI_2015,72.88
MSS428-2,WI,2015,WI_2015,86.98
MSS428-2,WI,2015,WI_2015,92.95
MST191-2Y,WI,2015,WI_2015,82.92
MST191-2Y,WI,2015,WI_2015,103.23
MSV030-4,WI,2015,WI_2015,65.95
MSV030-4,WI,2015,WI_2015,66.91
MSV241-2,WI,2015,WI_2015,75.27
MSV241-2,WI,2015,WI_2015,85.78
MSV358-3,WI,2015,WI_2015,81.96
MSV358-3,WI,2015,WI_2015,84.35
MSV380-1,WI,2015,WI_2015,49.7
MSV498-1,WI,2015,WI_2015,76.22
MSV498-1,WI,2015,WI_2015,100.36
MSW075-1,WI,2015,WI_2015,84.11
MSW168-2,WI,2015,WI_2015,54
MSW299-2,WI,2015,WI_2015,66.43
MSW485-2,WI,2015,WI_2015,66.91
MSW509-5,WI,2015,WI_2015,74.31
MSW509-5,WI,2015,WI_2015,80.29
MSX240-3,WI,2015,WI_2015,82.92
MSX540-4,WI,2015,WI_2015,66.67
MSX540-4,WI,2015,WI_2015,76.94
MSZ222-19,WI,2015,WI_2015,44.68
NC252-49,WI,2015,WI_2015,58.54
NC317-12,WI,2015,WI_2015,67.62
NC317-12,WI,2015,WI_2015,84.83
NC371-3,WI,2015,WI_2015,54.96
NDA081453CAB-2C,WI,2015,WI_2015,77.9
NDA081453CAB-2C,WI,2015,WI_2015,81
NDTX071109C-1W,WI,2015,WI_2015,48.03
NDTX071109C-1W,WI,2015,WI_2015,52.33
NY154,WI,2015,WI_2015,67.86
NY154,WI,2015,WI_2015,94.38
NY162,WI,2015,WI_2015,88.65
NY162,WI,2015,WI_2015,89.13
NYK27-3,WI,2015,WI_2015,94.62
NYK27-3,WI,2015,WI_2015,110.63
NYK28-18,WI,2015,WI_2015,89.37
NYK28-18,WI,2015,WI_2015,93.19
NYL17-3,WI,2015,WI_2015,78.85
NYL2-12,WI,2015,WI_2015,57.35
NYL8-12,WI,2015,WI_2015,82.2
Pike,WI,2015,WI_2015,67.86
Pike,WI,2015,WI_2015,75.99
Snowden,WI,2015,WI_2015,69.06
Snowden,WI,2015,WI_2015,80.29
Snowden,WI,2015,WI_2015,93.19
TX09403-14W,WI,2015,WI_2015,47.79
TX09403-14W,WI,2015,WI_2015,51.14
W10128-1,WI,2015,WI_2015,61.89
W10128-1,WI,2015,WI_2015,65.95
W10128-1,WI,2015,WI_2015,70.01
W9891-1,WI,2015,WI_2015,71.21
W9891-1,WI,2015,WI_2015,78.85
W9905-3,WI,2015,WI_2015,65.71
W9905-3,WI,2015,WI_2015,84.11
W9905-7,WI,2015,WI_2015,71.68
W9905-7,WI,2015,WI_2015,72.16
W9968-5,WI,2015,WI_2015,93.43
W9968-5,WI,2015,WI_2015,95.34